This is pdfTeX, Version 3.141592653-2.6-1.40.27 (TeX Live 2025) (preloaded format=pdflatex 2025.10.26)  3 NOV 2025 02:30
entering extended mode
 restricted \write18 enabled.
 file:line:error style messages enabled.
 %&-line parsing enabled.
**/Users/chperezpelaez/Documents/Github/cheat_sheet_1/cheatsheet.tex
(/Users/chperezpelaez/Documents/Github/cheat_sheet_1/cheatsheet.tex
LaTeX2e <2024-11-01> patch level 2
L3 programming layer <2025-01-18>
(/usr/local/texlive/2025/texmf-dist/tex/latex/extsizes/extarticle.cls
Document Class: extarticle 1996/10/08 v1.0 Non Standard LaTeX document class
(/usr/local/texlive/2025/texmf-dist/tex/latex/base/size10.clo
File: size10.clo 2024/06/29 v1.4n Standard LaTeX file (size option)
) (/usr/local/texlive/2025/texmf-dist/tex/latex/base/exscale.sty
Package: exscale 2018/09/24 v2.1i Standard LaTeX package exscale
LaTeX Font Info:    Redeclaring symbol font `largesymbols' on input line 57.
LaTeX Font Info:    Overwriting symbol font `largesymbols' in version `normal'
(Font)                  OMX/cmex/m/n --> OMX/cmex/m/n on input line 57.
LaTeX Font Info:    Overwriting symbol font `largesymbols' in version `bold'
(Font)                  OMX/cmex/m/n --> OMX/cmex/m/n on input line 57.
\big@size=\dimen141
)
\c@part=\count196
\c@section=\count197
\c@subsection=\count198
\c@subsubsection=\count199
\c@paragraph=\count266
\c@subparagraph=\count267
\c@figure=\count268
\c@table=\count269
\abovecaptionskip=\skip49
\belowcaptionskip=\skip50
\bibindent=\dimen142
) (/usr/local/texlive/2025/texmf-dist/tex/latex/koma-script/scrextend.sty
Package: scrextend 2024/10/24 v3.43 KOMA-Script package (extend other classes with features of KOMA-Script classes)
 (/usr/local/texlive/2025/texmf-dist/tex/latex/koma-script/scrkbase.sty
Package: scrkbase 2024/10/24 v3.43 KOMA-Script package (KOMA-Script-dependent basics and keyval usage)
 (/usr/local/texlive/2025/texmf-dist/tex/latex/koma-script/scrbase.sty
Package: scrbase 2024/10/24 v3.43 KOMA-Script package (KOMA-Script-independent basics and keyval usage)
 (/usr/local/texlive/2025/texmf-dist/tex/latex/koma-script/scrlfile.sty
Package: scrlfile 2024/10/24 v3.43 KOMA-Script package (file load hooks)
 (/usr/local/texlive/2025/texmf-dist/tex/latex/koma-script/scrlfile-hook.sty
Package: scrlfile-hook 2024/10/24 v3.43 KOMA-Script package (using LaTeX hooks)
 (/usr/local/texlive/2025/texmf-dist/tex/latex/koma-script/scrlogo.sty
Package: scrlogo 2024/10/24 v3.43 KOMA-Script package (logo)
))) (/usr/local/texlive/2025/texmf-dist/tex/latex/graphics/keyval.sty
Package: keyval 2022/05/29 v1.15 key=value parser (DPC)
\KV@toks@=\toks17
)
Applying: [2021/05/01] Usage of raw or classic option list on input line 254.
Already applied: [0000/00/00] Usage of raw or classic option list on input line 370.
))) (/usr/local/texlive/2025/texmf-dist/tex/latex/mathtools/mathtools.sty
Package: mathtools 2024/10/04 v1.31 mathematical typesetting tools
 (/usr/local/texlive/2025/texmf-dist/tex/latex/tools/calc.sty
Package: calc 2023/07/08 v4.3 Infix arithmetic (KKT,FJ)
\calc@Acount=\count270
\calc@Bcount=\count271
\calc@Adimen=\dimen143
\calc@Bdimen=\dimen144
\calc@Askip=\skip51
\calc@Bskip=\skip52
LaTeX Info: Redefining \setlength on input line 80.
LaTeX Info: Redefining \addtolength on input line 81.
\calc@Ccount=\count272
\calc@Cskip=\skip53
) (/usr/local/texlive/2025/texmf-dist/tex/latex/mathtools/mhsetup.sty
Package: mhsetup 2021/03/18 v1.4 programming setup (MH)
) (/usr/local/texlive/2025/texmf-dist/tex/latex/amsmath/amsmath.sty
Package: amsmath 2024/11/05 v2.17t AMS math features
\@mathmargin=\skip54

For additional information on amsmath, use the `?' option.
(/usr/local/texlive/2025/texmf-dist/tex/latex/amsmath/amstext.sty
Package: amstext 2021/08/26 v2.01 AMS text
 (/usr/local/texlive/2025/texmf-dist/tex/latex/amsmath/amsgen.sty
File: amsgen.sty 1999/11/30 v2.0 generic functions
\@emptytoks=\toks18
\ex@=\dimen145
)) (/usr/local/texlive/2025/texmf-dist/tex/latex/amsmath/amsbsy.sty
Package: amsbsy 1999/11/29 v1.2d Bold Symbols
\pmbraise@=\dimen146
) (/usr/local/texlive/2025/texmf-dist/tex/latex/amsmath/amsopn.sty
Package: amsopn 2022/04/08 v2.04 operator names
)
\inf@bad=\count273
LaTeX Info: Redefining \frac on input line 233.
\uproot@=\count274
\leftroot@=\count275
LaTeX Info: Redefining \overline on input line 398.
LaTeX Info: Redefining \colon on input line 409.
\classnum@=\count276
\DOTSCASE@=\count277
LaTeX Info: Redefining \ldots on input line 495.
LaTeX Info: Redefining \dots on input line 498.
LaTeX Info: Redefining \cdots on input line 619.
\Mathstrutbox@=\box52
\strutbox@=\box53
LaTeX Info: Redefining \big on input line 721.
LaTeX Info: Redefining \Big on input line 722.
LaTeX Info: Redefining \bigg on input line 723.
LaTeX Info: Redefining \Bigg on input line 724.
\big@size=\dimen147
LaTeX Font Info:    Redeclaring font encoding OML on input line 742.
LaTeX Font Info:    Redeclaring font encoding OMS on input line 743.
\macc@depth=\count278
LaTeX Info: Redefining \bmod on input line 904.
LaTeX Info: Redefining \pmod on input line 909.
LaTeX Info: Redefining \smash on input line 939.
LaTeX Info: Redefining \relbar on input line 969.
LaTeX Info: Redefining \Relbar on input line 970.
\c@MaxMatrixCols=\count279
\dotsspace@=\muskip17
\c@parentequation=\count280
\dspbrk@lvl=\count281
\tag@help=\toks19
\row@=\count282
\column@=\count283
\maxfields@=\count284
\andhelp@=\toks20
\eqnshift@=\dimen148
\alignsep@=\dimen149
\tagshift@=\dimen150
\tagwidth@=\dimen151
\totwidth@=\dimen152
\lineht@=\dimen153
\@envbody=\toks21
\multlinegap=\skip55
\multlinetaggap=\skip56
\mathdisplay@stack=\toks22
LaTeX Info: Redefining \[ on input line 2953.
LaTeX Info: Redefining \] on input line 2954.
)
\g_MT_multlinerow_int=\count285
\l_MT_multwidth_dim=\dimen154
\origjot=\skip57
\l_MT_shortvdotswithinadjustabove_dim=\dimen155
\l_MT_shortvdotswithinadjustbelow_dim=\dimen156
\l_MT_above_intertext_sep=\dimen157
\l_MT_below_intertext_sep=\dimen158
\l_MT_above_shortintertext_sep=\dimen159
\l_MT_below_shortintertext_sep=\dimen160
\xmathstrut@box=\box54
\xmathstrut@dim=\dimen161
) (/usr/local/texlive/2025/texmf-dist/tex/latex/base/inputenc.sty
Package: inputenc 2024/02/08 v1.3d Input encoding file
\inpenc@prehook=\toks23
\inpenc@posthook=\toks24
) (/usr/local/texlive/2025/texmf-dist/tex/generic/babel/babel.sty
Package: babel 2025/02/14 v25.4 The multilingual framework for pdfLaTeX, LuaLaTeX and XeLaTeX
\babel@savecnt=\count286
\U@D=\dimen162
\l@unhyphenated=\language90
 (/usr/local/texlive/2025/texmf-dist/tex/generic/babel/txtbabel.def)
\bbl@readstream=\read2
\bbl@dirlevel=\count287
 (/usr/local/texlive/2025/texmf-dist/tex/generic/babel-german/ngerman.ldf
Language: ngerman 2024/12/10 v2.15 German support for babel (post-1996 orthography)
 (/usr/local/texlive/2025/texmf-dist/tex/generic/babel-german/ngermanb.ldf
Language: ngermanb 2024/12/10 v2.15 German support for babel (post-1996 orthography)
Package babel Info: Making " an active character on input line 122.
))) (/usr/local/texlive/2025/texmf-dist/tex/generic/babel/locale/de/babel-ngerman.tex
Package babel Info: Importing font and identification data for ngerman
(babel)             from babel-de.ini. Reported on input line 11.
) (/usr/local/texlive/2025/texmf-dist/tex/latex/base/fontenc.sty
Package: fontenc 2021/04/29 v2.0v Standard LaTeX package
) (/usr/local/texlive/2025/texmf-dist/tex/latex/pgf/frontendlayer/tikz.sty (/usr/local/texlive/2025/texmf-dist/tex/latex/pgf/basiclayer/pgf.sty (/usr/local/texlive/2025/texmf-dist/tex/latex/pgf/utilities/pgfrcs.sty (/usr/local/texlive/2025/texmf-dist/tex/generic/pgf/utilities/pgfutil-common.tex
\pgfutil@everybye=\toks25
\pgfutil@tempdima=\dimen163
\pgfutil@tempdimb=\dimen164
) (/usr/local/texlive/2025/texmf-dist/tex/generic/pgf/utilities/pgfutil-latex.def
\pgfutil@abb=\box55
) (/usr/local/texlive/2025/texmf-dist/tex/generic/pgf/utilities/pgfrcs.code.tex (/usr/local/texlive/2025/texmf-dist/tex/generic/pgf/pgf.revision.tex)
Package: pgfrcs 2023-01-15 v3.1.10 (3.1.10)
))
Package: pgf 2023-01-15 v3.1.10 (3.1.10)
 (/usr/local/texlive/2025/texmf-dist/tex/latex/pgf/basiclayer/pgfcore.sty (/usr/local/texlive/2025/texmf-dist/tex/latex/graphics/graphicx.sty
Package: graphicx 2021/09/16 v1.2d Enhanced LaTeX Graphics (DPC,SPQR)
 (/usr/local/texlive/2025/texmf-dist/tex/latex/graphics/graphics.sty
Package: graphics 2024/08/06 v1.4g Standard LaTeX Graphics (DPC,SPQR)
 (/usr/local/texlive/2025/texmf-dist/tex/latex/graphics/trig.sty
Package: trig 2023/12/02 v1.11 sin cos tan (DPC)
) (/usr/local/texlive/2025/texmf-dist/tex/latex/graphics-cfg/graphics.cfg
File: graphics.cfg 2016/06/04 v1.11 sample graphics configuration
)
Package graphics Info: Driver file: pdftex.def on input line 106.
 (/usr/local/texlive/2025/texmf-dist/tex/latex/graphics-def/pdftex.def
File: pdftex.def 2024/04/13 v1.2c Graphics/color driver for pdftex
))
\Gin@req@height=\dimen165
\Gin@req@width=\dimen166
) (/usr/local/texlive/2025/texmf-dist/tex/latex/pgf/systemlayer/pgfsys.sty (/usr/local/texlive/2025/texmf-dist/tex/generic/pgf/systemlayer/pgfsys.code.tex
Package: pgfsys 2023-01-15 v3.1.10 (3.1.10)
 (/usr/local/texlive/2025/texmf-dist/tex/generic/pgf/utilities/pgfkeys.code.tex
\pgfkeys@pathtoks=\toks26
\pgfkeys@temptoks=\toks27
 (/usr/local/texlive/2025/texmf-dist/tex/generic/pgf/utilities/pgfkeyslibraryfiltered.code.tex
\pgfkeys@tmptoks=\toks28
))
\pgf@x=\dimen167
\pgf@y=\dimen168
\pgf@xa=\dimen169
\pgf@ya=\dimen170
\pgf@xb=\dimen171
\pgf@yb=\dimen172
\pgf@xc=\dimen173
\pgf@yc=\dimen174
\pgf@xd=\dimen175
\pgf@yd=\dimen176
\w@pgf@writea=\write3
\r@pgf@reada=\read3
\c@pgf@counta=\count288
\c@pgf@countb=\count289
\c@pgf@countc=\count290
\c@pgf@countd=\count291
\t@pgf@toka=\toks29
\t@pgf@tokb=\toks30
\t@pgf@tokc=\toks31
\pgf@sys@id@count=\count292
 (/usr/local/texlive/2025/texmf-dist/tex/generic/pgf/systemlayer/pgf.cfg
File: pgf.cfg 2023-01-15 v3.1.10 (3.1.10)
)
Driver file for pgf: pgfsys-pdftex.def
 (/usr/local/texlive/2025/texmf-dist/tex/generic/pgf/systemlayer/pgfsys-pdftex.def
File: pgfsys-pdftex.def 2023-01-15 v3.1.10 (3.1.10)
 (/usr/local/texlive/2025/texmf-dist/tex/generic/pgf/systemlayer/pgfsys-common-pdf.def
File: pgfsys-common-pdf.def 2023-01-15 v3.1.10 (3.1.10)
))) (/usr/local/texlive/2025/texmf-dist/tex/generic/pgf/systemlayer/pgfsyssoftpath.code.tex
File: pgfsyssoftpath.code.tex 2023-01-15 v3.1.10 (3.1.10)
\pgfsyssoftpath@smallbuffer@items=\count293
\pgfsyssoftpath@bigbuffer@items=\count294
) (/usr/local/texlive/2025/texmf-dist/tex/generic/pgf/systemlayer/pgfsysprotocol.code.tex
File: pgfsysprotocol.code.tex 2023-01-15 v3.1.10 (3.1.10)
)) (/usr/local/texlive/2025/texmf-dist/tex/latex/xcolor/xcolor.sty
Package: xcolor 2024/09/29 v3.02 LaTeX color extensions (UK)
 (/usr/local/texlive/2025/texmf-dist/tex/latex/graphics-cfg/color.cfg
File: color.cfg 2016/01/02 v1.6 sample color configuration
)
Package xcolor Info: Driver file: pdftex.def on input line 274.
 (/usr/local/texlive/2025/texmf-dist/tex/latex/graphics/mathcolor.ltx)
Package xcolor Info: Model `cmy' substituted by `cmy0' on input line 1349.
Package xcolor Info: Model `hsb' substituted by `rgb' on input line 1353.
Package xcolor Info: Model `RGB' extended on input line 1365.
Package xcolor Info: Model `HTML' substituted by `rgb' on input line 1367.
Package xcolor Info: Model `Hsb' substituted by `hsb' on input line 1368.
Package xcolor Info: Model `tHsb' substituted by `hsb' on input line 1369.
Package xcolor Info: Model `HSB' substituted by `hsb' on input line 1370.
Package xcolor Info: Model `Gray' substituted by `gray' on input line 1371.
Package xcolor Info: Model `wave' substituted by `hsb' on input line 1372.
) (/usr/local/texlive/2025/texmf-dist/tex/generic/pgf/basiclayer/pgfcore.code.tex
Package: pgfcore 2023-01-15 v3.1.10 (3.1.10)
 (/usr/local/texlive/2025/texmf-dist/tex/generic/pgf/math/pgfmath.code.tex (/usr/local/texlive/2025/texmf-dist/tex/generic/pgf/math/pgfmathutil.code.tex) (/usr/local/texlive/2025/texmf-dist/tex/generic/pgf/math/pgfmathparser.code.tex
\pgfmath@dimen=\dimen177
\pgfmath@count=\count295
\pgfmath@box=\box56
\pgfmath@toks=\toks32
\pgfmath@stack@operand=\toks33
\pgfmath@stack@operation=\toks34
) (/usr/local/texlive/2025/texmf-dist/tex/generic/pgf/math/pgfmathfunctions.code.tex) (/usr/local/texlive/2025/texmf-dist/tex/generic/pgf/math/pgfmathfunctions.basic.code.tex) (/usr/local/texlive/2025/texmf-dist/tex/generic/pgf/math/pgfmathfunctions.trigonometric.code.tex) (/usr/local/texlive/2025/texmf-dist/tex/generic/pgf/math/pgfmathfunctions.random.code.tex) (/usr/local/texlive/2025/texmf-dist/tex/generic/pgf/math/pgfmathfunctions.comparison.code.tex) (/usr/local/texlive/2025/texmf-dist/tex/generic/pgf/math/pgfmathfunctions.base.code.tex) (/usr/local/texlive/2025/texmf-dist/tex/generic/pgf/math/pgfmathfunctions.round.code.tex) (/usr/local/texlive/2025/texmf-dist/tex/generic/pgf/math/pgfmathfunctions.misc.code.tex) (/usr/local/texlive/2025/texmf-dist/tex/generic/pgf/math/pgfmathfunctions.integerarithmetics.code.tex) (/usr/local/texlive/2025/texmf-dist/tex/generic/pgf/math/pgfmathcalc.code.tex) (/usr/local/texlive/2025/texmf-dist/tex/generic/pgf/math/pgfmathfloat.code.tex
\c@pgfmathroundto@lastzeros=\count296
)) (/usr/local/texlive/2025/texmf-dist/tex/generic/pgf/math/pgfint.code.tex) (/usr/local/texlive/2025/texmf-dist/tex/generic/pgf/basiclayer/pgfcorepoints.code.tex
File: pgfcorepoints.code.tex 2023-01-15 v3.1.10 (3.1.10)
\pgf@picminx=\dimen178
\pgf@picmaxx=\dimen179
\pgf@picminy=\dimen180
\pgf@picmaxy=\dimen181
\pgf@pathminx=\dimen182
\pgf@pathmaxx=\dimen183
\pgf@pathminy=\dimen184
\pgf@pathmaxy=\dimen185
\pgf@xx=\dimen186
\pgf@xy=\dimen187
\pgf@yx=\dimen188
\pgf@yy=\dimen189
\pgf@zx=\dimen190
\pgf@zy=\dimen191
) (/usr/local/texlive/2025/texmf-dist/tex/generic/pgf/basiclayer/pgfcorepathconstruct.code.tex
File: pgfcorepathconstruct.code.tex 2023-01-15 v3.1.10 (3.1.10)
\pgf@path@lastx=\dimen192
\pgf@path@lasty=\dimen193
) (/usr/local/texlive/2025/texmf-dist/tex/generic/pgf/basiclayer/pgfcorepathusage.code.tex
File: pgfcorepathusage.code.tex 2023-01-15 v3.1.10 (3.1.10)
\pgf@shorten@end@additional=\dimen194
\pgf@shorten@start@additional=\dimen195
) (/usr/local/texlive/2025/texmf-dist/tex/generic/pgf/basiclayer/pgfcorescopes.code.tex
File: pgfcorescopes.code.tex 2023-01-15 v3.1.10 (3.1.10)
\pgfpic=\box57
\pgf@hbox=\box58
\pgf@layerbox@main=\box59
\pgf@picture@serial@count=\count297
) (/usr/local/texlive/2025/texmf-dist/tex/generic/pgf/basiclayer/pgfcoregraphicstate.code.tex
File: pgfcoregraphicstate.code.tex 2023-01-15 v3.1.10 (3.1.10)
\pgflinewidth=\dimen196
) (/usr/local/texlive/2025/texmf-dist/tex/generic/pgf/basiclayer/pgfcoretransformations.code.tex
File: pgfcoretransformations.code.tex 2023-01-15 v3.1.10 (3.1.10)
\pgf@pt@x=\dimen197
\pgf@pt@y=\dimen198
\pgf@pt@temp=\dimen199
) (/usr/local/texlive/2025/texmf-dist/tex/generic/pgf/basiclayer/pgfcorequick.code.tex
File: pgfcorequick.code.tex 2023-01-15 v3.1.10 (3.1.10)
) (/usr/local/texlive/2025/texmf-dist/tex/generic/pgf/basiclayer/pgfcoreobjects.code.tex
File: pgfcoreobjects.code.tex 2023-01-15 v3.1.10 (3.1.10)
) (/usr/local/texlive/2025/texmf-dist/tex/generic/pgf/basiclayer/pgfcorepathprocessing.code.tex
File: pgfcorepathprocessing.code.tex 2023-01-15 v3.1.10 (3.1.10)
) (/usr/local/texlive/2025/texmf-dist/tex/generic/pgf/basiclayer/pgfcorearrows.code.tex
File: pgfcorearrows.code.tex 2023-01-15 v3.1.10 (3.1.10)
\pgfarrowsep=\dimen256
) (/usr/local/texlive/2025/texmf-dist/tex/generic/pgf/basiclayer/pgfcoreshade.code.tex
File: pgfcoreshade.code.tex 2023-01-15 v3.1.10 (3.1.10)
\pgf@max=\dimen257
\pgf@sys@shading@range@num=\count298
\pgf@shadingcount=\count299
) (/usr/local/texlive/2025/texmf-dist/tex/generic/pgf/basiclayer/pgfcoreimage.code.tex
File: pgfcoreimage.code.tex 2023-01-15 v3.1.10 (3.1.10)
) (/usr/local/texlive/2025/texmf-dist/tex/generic/pgf/basiclayer/pgfcoreexternal.code.tex
File: pgfcoreexternal.code.tex 2023-01-15 v3.1.10 (3.1.10)
\pgfexternal@startupbox=\box60
) (/usr/local/texlive/2025/texmf-dist/tex/generic/pgf/basiclayer/pgfcorelayers.code.tex
File: pgfcorelayers.code.tex 2023-01-15 v3.1.10 (3.1.10)
) (/usr/local/texlive/2025/texmf-dist/tex/generic/pgf/basiclayer/pgfcoretransparency.code.tex
File: pgfcoretransparency.code.tex 2023-01-15 v3.1.10 (3.1.10)
) (/usr/local/texlive/2025/texmf-dist/tex/generic/pgf/basiclayer/pgfcorepatterns.code.tex
File: pgfcorepatterns.code.tex 2023-01-15 v3.1.10 (3.1.10)
) (/usr/local/texlive/2025/texmf-dist/tex/generic/pgf/basiclayer/pgfcorerdf.code.tex
File: pgfcorerdf.code.tex 2023-01-15 v3.1.10 (3.1.10)
))) (/usr/local/texlive/2025/texmf-dist/tex/generic/pgf/modules/pgfmoduleshapes.code.tex
File: pgfmoduleshapes.code.tex 2023-01-15 v3.1.10 (3.1.10)
\pgfnodeparttextbox=\box61
) (/usr/local/texlive/2025/texmf-dist/tex/generic/pgf/modules/pgfmoduleplot.code.tex
File: pgfmoduleplot.code.tex 2023-01-15 v3.1.10 (3.1.10)
) (/usr/local/texlive/2025/texmf-dist/tex/latex/pgf/compatibility/pgfcomp-version-0-65.sty
Package: pgfcomp-version-0-65 2023-01-15 v3.1.10 (3.1.10)
\pgf@nodesepstart=\dimen258
\pgf@nodesepend=\dimen259
) (/usr/local/texlive/2025/texmf-dist/tex/latex/pgf/compatibility/pgfcomp-version-1-18.sty
Package: pgfcomp-version-1-18 2023-01-15 v3.1.10 (3.1.10)
)) (/usr/local/texlive/2025/texmf-dist/tex/latex/pgf/utilities/pgffor.sty (/usr/local/texlive/2025/texmf-dist/tex/latex/pgf/utilities/pgfkeys.sty (/usr/local/texlive/2025/texmf-dist/tex/generic/pgf/utilities/pgfkeys.code.tex)) (/usr/local/texlive/2025/texmf-dist/tex/latex/pgf/math/pgfmath.sty (/usr/local/texlive/2025/texmf-dist/tex/generic/pgf/math/pgfmath.code.tex)) (/usr/local/texlive/2025/texmf-dist/tex/generic/pgf/utilities/pgffor.code.tex
Package: pgffor 2023-01-15 v3.1.10 (3.1.10)
\pgffor@iter=\dimen260
\pgffor@skip=\dimen261
\pgffor@stack=\toks35
\pgffor@toks=\toks36
)) (/usr/local/texlive/2025/texmf-dist/tex/generic/pgf/frontendlayer/tikz/tikz.code.tex
Package: tikz 2023-01-15 v3.1.10 (3.1.10)
 (/usr/local/texlive/2025/texmf-dist/tex/generic/pgf/libraries/pgflibraryplothandlers.code.tex
File: pgflibraryplothandlers.code.tex 2023-01-15 v3.1.10 (3.1.10)
\pgf@plot@mark@count=\count300
\pgfplotmarksize=\dimen262
)
\tikz@lastx=\dimen263
\tikz@lasty=\dimen264
\tikz@lastxsaved=\dimen265
\tikz@lastysaved=\dimen266
\tikz@lastmovetox=\dimen267
\tikz@lastmovetoy=\dimen268
\tikzleveldistance=\dimen269
\tikzsiblingdistance=\dimen270
\tikz@figbox=\box62
\tikz@figbox@bg=\box63
\tikz@tempbox=\box64
\tikz@tempbox@bg=\box65
\tikztreelevel=\count301
\tikznumberofchildren=\count302
\tikznumberofcurrentchild=\count303
\tikz@fig@count=\count304
 (/usr/local/texlive/2025/texmf-dist/tex/generic/pgf/modules/pgfmodulematrix.code.tex
File: pgfmodulematrix.code.tex 2023-01-15 v3.1.10 (3.1.10)
\pgfmatrixcurrentrow=\count305
\pgfmatrixcurrentcolumn=\count306
\pgf@matrix@numberofcolumns=\count307
)
\tikz@expandcount=\count308
 (/usr/local/texlive/2025/texmf-dist/tex/generic/pgf/frontendlayer/tikz/libraries/tikzlibrarytopaths.code.tex
File: tikzlibrarytopaths.code.tex 2023-01-15 v3.1.10 (3.1.10)
))) (/usr/local/texlive/2025/texmf-dist/tex/generic/pgf/frontendlayer/tikz/libraries/tikzlibraryshapes.code.tex
File: tikzlibraryshapes.code.tex 2023-01-15 v3.1.10 (3.1.10)
 (/usr/local/texlive/2025/texmf-dist/tex/generic/pgf/frontendlayer/tikz/libraries/tikzlibraryshapes.geometric.code.tex
File: tikzlibraryshapes.geometric.code.tex 2023-01-15 v3.1.10 (3.1.10)
 (/usr/local/texlive/2025/texmf-dist/tex/generic/pgf/libraries/shapes/pgflibraryshapes.geometric.code.tex
File: pgflibraryshapes.geometric.code.tex 2023-01-15 v3.1.10 (3.1.10)
)) (/usr/local/texlive/2025/texmf-dist/tex/generic/pgf/frontendlayer/tikz/libraries/tikzlibraryshapes.misc.code.tex
File: tikzlibraryshapes.misc.code.tex 2023-01-15 v3.1.10 (3.1.10)
 (/usr/local/texlive/2025/texmf-dist/tex/generic/pgf/libraries/shapes/pgflibraryshapes.misc.code.tex
File: pgflibraryshapes.misc.code.tex 2023-01-15 v3.1.10 (3.1.10)
)) (/usr/local/texlive/2025/texmf-dist/tex/generic/pgf/frontendlayer/tikz/libraries/tikzlibraryshapes.symbols.code.tex
File: tikzlibraryshapes.symbols.code.tex 2023-01-15 v3.1.10 (3.1.10)
 (/usr/local/texlive/2025/texmf-dist/tex/generic/pgf/libraries/shapes/pgflibraryshapes.symbols.code.tex
File: pgflibraryshapes.symbols.code.tex 2023-01-15 v3.1.10 (3.1.10)
)) (/usr/local/texlive/2025/texmf-dist/tex/generic/pgf/frontendlayer/tikz/libraries/tikzlibraryshapes.arrows.code.tex
File: tikzlibraryshapes.arrows.code.tex 2023-01-15 v3.1.10 (3.1.10)
 (/usr/local/texlive/2025/texmf-dist/tex/generic/pgf/libraries/shapes/pgflibraryshapes.arrows.code.tex
File: pgflibraryshapes.arrows.code.tex 2023-01-15 v3.1.10 (3.1.10)
)) (/usr/local/texlive/2025/texmf-dist/tex/generic/pgf/frontendlayer/tikz/libraries/tikzlibraryshapes.callouts.code.tex (/usr/local/texlive/2025/texmf-dist/tex/generic/pgf/libraries/shapes/pgflibraryshapes.callouts.code.tex)) (/usr/local/texlive/2025/texmf-dist/tex/generic/pgf/frontendlayer/tikz/libraries/tikzlibraryshapes.multipart.code.tex
File: tikzlibraryshapes.multipart.code.tex 2023-01-15 v3.1.10 (3.1.10)
 (/usr/local/texlive/2025/texmf-dist/tex/generic/pgf/libraries/shapes/pgflibraryshapes.multipart.code.tex
File: pgflibraryshapes.multipart.code.tex 2023-01-15 v3.1.10 (3.1.10)
\pgfnodepartlowerbox=\box66
\pgfnodeparttwobox=\box67
\pgfnodepartthreebox=\box68
\pgfnodepartfourbox=\box69
\pgfnodeparttwentybox=\box70
\pgfnodepartnineteenbox=\box71
\pgfnodeparteighteenbox=\box72
\pgfnodepartseventeenbox=\box73
\pgfnodepartsixteenbox=\box74
\pgfnodepartfifteenbox=\box75
\pgfnodepartfourteenbox=\box76
\pgfnodepartthirteenbox=\box77
\pgfnodeparttwelvebox=\box78
\pgfnodepartelevenbox=\box79
\pgfnodeparttenbox=\box80
\pgfnodepartninebox=\box81
\pgfnodeparteightbox=\box82
\pgfnodepartsevenbox=\box83
\pgfnodepartsixbox=\box84
\pgfnodepartfivebox=\box85
))) (/usr/local/texlive/2025/texmf-dist/tex/generic/pgf/frontendlayer/tikz/libraries/tikzlibrarypositioning.code.tex
File: tikzlibrarypositioning.code.tex 2023-01-15 v3.1.10 (3.1.10)
) (/usr/local/texlive/2025/texmf-dist/tex/generic/pgf/frontendlayer/tikz/libraries/tikzlibraryarrows.code.tex
File: tikzlibraryarrows.code.tex 2023-01-15 v3.1.10 (3.1.10)
 (/usr/local/texlive/2025/texmf-dist/tex/generic/pgf/libraries/pgflibraryarrows.code.tex
File: pgflibraryarrows.code.tex 2023-01-15 v3.1.10 (3.1.10)
\arrowsize=\dimen271
)) (/usr/local/texlive/2025/texmf-dist/tex/generic/pgf/frontendlayer/tikz/libraries/tikzlibraryfit.code.tex
File: tikzlibraryfit.code.tex 2023-01-15 v3.1.10 (3.1.10)
) (/usr/local/texlive/2025/texmf-dist/tex/generic/pgf/frontendlayer/tikz/libraries/tikzlibrarycalc.code.tex
File: tikzlibrarycalc.code.tex 2023-01-15 v3.1.10 (3.1.10)
) (/usr/local/texlive/2025/texmf-dist/tex/generic/pgf/frontendlayer/tikz/libraries/graphs/tikzlibrarygraphs.code.tex
File: tikzlibrarygraphs.code.tex 2023-01-15 v3.1.10 (3.1.10)
\tikz@lib@auto@number=\count309
\tikz@qnode@count=\count310
) (/usr/local/texlive/2025/texmf-dist/tex/generic/pgf/frontendlayer/tikz/libraries/graphs/tikzlibrarygraphs.standard.code.tex
File: tikzlibrarygraphs.standard.code.tex 2023-01-15 v3.1.10 (3.1.10)
) (/usr/local/texlive/2025/texmf-dist/tex/latex/kpfonts/kpfonts.sty
Package: kpfonts  2024/10/27 v3.36
 (/usr/local/texlive/2025/texmf-dist/tex/generic/iftex/iftex.sty
Package: iftex 2024/12/12 v1.0g TeX engine tests
)
\c@mv@rm=\count311
\c@mv@boldrm=\count312
\c@mv@sf=\count313
\c@mv@boldsf=\count314
LaTeX Font Info:    Redeclaring symbol font `operators' on input line 377.
LaTeX Font Info:    Overwriting symbol font `operators' in version `normal'
(Font)                  OT1/cmr/m/n --> OT1/jkp/m/n on input line 377.
LaTeX Font Info:    Overwriting symbol font `operators' in version `bold'
(Font)                  OT1/cmr/bx/n --> OT1/jkp/m/n on input line 377.
LaTeX Font Info:    Overwriting symbol font `operators' in version `rm'
(Font)                  OT1/cmr/m/n --> OT1/jkp/m/n on input line 377.
LaTeX Font Info:    Overwriting symbol font `operators' in version `boldrm'
(Font)                  OT1/cmr/m/n --> OT1/jkp/m/n on input line 377.
LaTeX Font Info:    Overwriting symbol font `operators' in version `sf'
(Font)                  OT1/cmr/m/n --> OT1/jkp/m/n on input line 377.
LaTeX Font Info:    Overwriting symbol font `operators' in version `boldsf'
(Font)                  OT1/cmr/m/n --> OT1/jkp/m/n on input line 377.
LaTeX Font Info:    Overwriting symbol font `operators' in version `bold'
(Font)                  OT1/jkp/m/n --> OT1/jkp/b/n on input line 378.
LaTeX Font Info:    Overwriting symbol font `operators' in version `rm'
(Font)                  OT1/jkp/m/n --> OT1/jkp/m/n on input line 380.
LaTeX Font Info:    Overwriting symbol font `operators' in version `boldrm'
(Font)                  OT1/jkp/m/n --> OT1/jkp/b/n on input line 381.
LaTeX Font Info:    Overwriting symbol font `operators' in version `sf'
(Font)                  OT1/jkp/m/n --> OT1/jkpss/m/n on input line 382.
LaTeX Font Info:    Overwriting symbol font `operators' in version `boldsf'
(Font)                  OT1/jkp/m/n --> OT1/jkpss/b/n on input line 383.
LaTeX Font Info:    Redeclaring math alphabet \mathrm on input line 387.
LaTeX Font Info:    Overwriting math alphabet `\mathrm' in version `bold'
(Font)                  OT1/jkp/m/n --> OT1/jkp/b/n on input line 388.
LaTeX Font Info:    Overwriting math alphabet `\mathrm' in version `rm'
(Font)                  OT1/jkp/m/n --> OT1/jkp/m/n on input line 389.
LaTeX Font Info:    Overwriting math alphabet `\mathrm' in version `boldrm'
(Font)                  OT1/jkp/m/n --> OT1/jkp/b/n on input line 390.
LaTeX Font Info:    Overwriting math alphabet `\mathrm' in version `sf'
(Font)                  OT1/jkp/m/n --> OT1/jkp/m/n on input line 391.
LaTeX Font Info:    Overwriting math alphabet `\mathrm' in version `boldsf'
(Font)                  OT1/jkp/m/n --> OT1/jkp/b/n on input line 392.
LaTeX Font Info:    Redeclaring math alphabet \mathbf on input line 401.
LaTeX Font Info:    Overwriting math alphabet `\mathbf' in version `normal'
(Font)                  OT1/cmr/bx/n --> OT1/jkp/b/n on input line 401.
LaTeX Font Info:    Overwriting math alphabet `\mathbf' in version `bold'
(Font)                  OT1/cmr/bx/n --> OT1/jkp/b/n on input line 401.
LaTeX Font Info:    Overwriting math alphabet `\mathbf' in version `rm'
(Font)                  OT1/cmr/bx/n --> OT1/jkp/b/n on input line 401.
LaTeX Font Info:    Overwriting math alphabet `\mathbf' in version `boldrm'
(Font)                  OT1/cmr/bx/n --> OT1/jkp/b/n on input line 401.
LaTeX Font Info:    Overwriting math alphabet `\mathbf' in version `sf'
(Font)                  OT1/cmr/bx/n --> OT1/jkp/b/n on input line 401.
LaTeX Font Info:    Overwriting math alphabet `\mathbf' in version `boldsf'
(Font)                  OT1/cmr/bx/n --> OT1/jkp/b/n on input line 401.
LaTeX Font Info:    Overwriting math alphabet `\mathbf' in version `bold'
(Font)                  OT1/jkp/b/n --> OT1/jkp/b/n on input line 402.
LaTeX Font Info:    Overwriting math alphabet `\mathbf' in version `rm'
(Font)                  OT1/jkp/b/n --> OT1/jkp/b/n on input line 404.
LaTeX Font Info:    Overwriting math alphabet `\mathbf' in version `boldrm'
(Font)                  OT1/jkp/b/n --> OT1/jkp/b/n on input line 405.
LaTeX Font Info:    Overwriting math alphabet `\mathbf' in version `sf'
(Font)                  OT1/jkp/b/n --> OT1/jkpss/b/n on input line 406.
LaTeX Font Info:    Overwriting math alphabet `\mathbf' in version `boldsf'
(Font)                  OT1/jkp/b/n --> OT1/jkpss/b/n on input line 407.
LaTeX Font Info:    Redeclaring math alphabet \mathit on input line 413.
LaTeX Font Info:    Overwriting math alphabet `\mathit' in version `normal'
(Font)                  OT1/cmr/m/it --> OT1/jkp/m/it on input line 413.
LaTeX Font Info:    Overwriting math alphabet `\mathit' in version `bold'
(Font)                  OT1/cmr/bx/it --> OT1/jkp/m/it on input line 413.
LaTeX Font Info:    Overwriting math alphabet `\mathit' in version `rm'
(Font)                  OT1/cmr/m/it --> OT1/jkp/m/it on input line 413.
LaTeX Font Info:    Overwriting math alphabet `\mathit' in version `boldrm'
(Font)                  OT1/cmr/m/it --> OT1/jkp/m/it on input line 413.
LaTeX Font Info:    Overwriting math alphabet `\mathit' in version `sf'
(Font)                  OT1/cmr/m/it --> OT1/jkp/m/it on input line 413.
LaTeX Font Info:    Overwriting math alphabet `\mathit' in version `boldsf'
(Font)                  OT1/cmr/m/it --> OT1/jkp/m/it on input line 413.
LaTeX Font Info:    Overwriting math alphabet `\mathit' in version `bold'
(Font)                  OT1/jkp/m/it --> OT1/jkp/b/it on input line 414.
LaTeX Font Info:    Overwriting math alphabet `\mathit' in version `rm'
(Font)                  OT1/jkp/m/it --> OT1/jkp/m/it on input line 416.
LaTeX Font Info:    Overwriting math alphabet `\mathit' in version `boldrm'
(Font)                  OT1/jkp/m/it --> OT1/jkp/b/it on input line 417.
LaTeX Font Info:    Overwriting math alphabet `\mathit' in version `sf'
(Font)                  OT1/jkp/m/it --> OT1/jkpss/m/it on input line 418.
LaTeX Font Info:    Overwriting math alphabet `\mathit' in version `boldsf'
(Font)                  OT1/jkp/m/it --> OT1/jkpss/b/it on input line 419.
LaTeX Font Info:    Redeclaring math alphabet \mathsf on input line 424.
LaTeX Font Info:    Overwriting math alphabet `\mathsf' in version `normal'
(Font)                  OT1/cmss/m/n --> OT1/jkpss/m/n on input line 424.
LaTeX Font Info:    Overwriting math alphabet `\mathsf' in version `bold'
(Font)                  OT1/cmss/bx/n --> OT1/jkpss/m/n on input line 424.
LaTeX Font Info:    Overwriting math alphabet `\mathsf' in version `rm'
(Font)                  OT1/cmss/m/n --> OT1/jkpss/m/n on input line 424.
LaTeX Font Info:    Overwriting math alphabet `\mathsf' in version `boldrm'
(Font)                  OT1/cmss/m/n --> OT1/jkpss/m/n on input line 424.
LaTeX Font Info:    Overwriting math alphabet `\mathsf' in version `sf'
(Font)                  OT1/cmss/m/n --> OT1/jkpss/m/n on input line 424.
LaTeX Font Info:    Overwriting math alphabet `\mathsf' in version `boldsf'
(Font)                  OT1/cmss/m/n --> OT1/jkpss/m/n on input line 424.
LaTeX Font Info:    Overwriting math alphabet `\mathsf' in version `bold'
(Font)                  OT1/jkpss/m/n --> OT1/jkpss/b/n on input line 425.
LaTeX Font Info:    Overwriting math alphabet `\mathsf' in version `rm'
(Font)                  OT1/jkpss/m/n --> OT1/jkpss/m/n on input line 426.
LaTeX Font Info:    Overwriting math alphabet `\mathsf' in version `boldrm'
(Font)                  OT1/jkpss/m/n --> OT1/jkpss/b/n on input line 427.
LaTeX Font Info:    Overwriting math alphabet `\mathsf' in version `sf'
(Font)                  OT1/jkpss/m/n --> OT1/jkpss/m/n on input line 428.
LaTeX Font Info:    Overwriting math alphabet `\mathsf' in version `boldsf'
(Font)                  OT1/jkpss/m/n --> OT1/jkpss/b/n on input line 429.
LaTeX Font Info:    Redeclaring math alphabet \mathtt on input line 433.
LaTeX Font Info:    Overwriting math alphabet `\mathtt' in version `normal'
(Font)                  OT1/cmtt/m/n --> OT1/jkptt/m/n on input line 433.
LaTeX Font Info:    Overwriting math alphabet `\mathtt' in version `bold'
(Font)                  OT1/cmtt/m/n --> OT1/jkptt/m/n on input line 433.
LaTeX Font Info:    Overwriting math alphabet `\mathtt' in version `rm'
(Font)                  OT1/cmtt/m/n --> OT1/jkptt/m/n on input line 433.
LaTeX Font Info:    Overwriting math alphabet `\mathtt' in version `boldrm'
(Font)                  OT1/cmtt/m/n --> OT1/jkptt/m/n on input line 433.
LaTeX Font Info:    Overwriting math alphabet `\mathtt' in version `sf'
(Font)                  OT1/cmtt/m/n --> OT1/jkptt/m/n on input line 433.
LaTeX Font Info:    Overwriting math alphabet `\mathtt' in version `boldsf'
(Font)                  OT1/cmtt/m/n --> OT1/jkptt/m/n on input line 433.
LaTeX Font Info:    Overwriting math alphabet `\mathtt' in version `bold'
(Font)                  OT1/jkptt/m/n --> OT1/jkptt/b/n on input line 434.
LaTeX Font Info:    Overwriting math alphabet `\mathtt' in version `rm'
(Font)                  OT1/jkptt/m/n --> OT1/jkptt/m/n on input line 435.
LaTeX Font Info:    Overwriting math alphabet `\mathtt' in version `boldrm'
(Font)                  OT1/jkptt/m/n --> OT1/jkptt/b/n on input line 436.
LaTeX Font Info:    Overwriting math alphabet `\mathtt' in version `sf'
(Font)                  OT1/jkptt/m/n --> OT1/jkptt/m/n on input line 437.
LaTeX Font Info:    Overwriting math alphabet `\mathtt' in version `boldsf'
(Font)                  OT1/jkptt/m/n --> OT1/jkptt/b/n on input line 438.
LaTeX Font Info:    Redeclaring symbol font `letters' on input line 446.
LaTeX Font Info:    Overwriting symbol font `letters' in version `normal'
(Font)                  OML/cmm/m/it --> OML/jkp/m/it on input line 446.
LaTeX Font Info:    Overwriting symbol font `letters' in version `bold'
(Font)                  OML/cmm/b/it --> OML/jkp/m/it on input line 446.
LaTeX Font Info:    Overwriting symbol font `letters' in version `rm'
(Font)                  OML/cmm/m/it --> OML/jkp/m/it on input line 446.
LaTeX Font Info:    Overwriting symbol font `letters' in version `boldrm'
(Font)                  OML/cmm/m/it --> OML/jkp/m/it on input line 446.
LaTeX Font Info:    Overwriting symbol font `letters' in version `sf'
(Font)                  OML/cmm/m/it --> OML/jkp/m/it on input line 446.
LaTeX Font Info:    Overwriting symbol font `letters' in version `boldsf'
(Font)                  OML/cmm/m/it --> OML/jkp/m/it on input line 446.
LaTeX Font Info:    Overwriting symbol font `letters' in version `bold'
(Font)                  OML/jkp/m/it --> OML/jkp/bx/it on input line 447.
LaTeX Font Info:    Overwriting symbol font `letters' in version `rm'
(Font)                  OML/jkp/m/it --> OML/jkp/m/it on input line 449.
LaTeX Font Info:    Overwriting symbol font `letters' in version `boldrm'
(Font)                  OML/jkp/m/it --> OML/jkp/bx/it on input line 450.
LaTeX Font Info:    Overwriting symbol font `letters' in version `sf'
(Font)                  OML/jkp/m/it --> OML/jkpss/m/it on input line 451.
LaTeX Font Info:    Overwriting symbol font `letters' in version `boldsf'
(Font)                  OML/jkp/m/it --> OML/jkpss/bx/it on input line 452.
\symlettersA=\mathgroup4
LaTeX Font Info:    Overwriting symbol font `lettersA' in version `bold'
(Font)                  U/jkpmia/m/it --> U/jkpmia/bx/it on input line 462.
LaTeX Font Info:    Overwriting symbol font `lettersA' in version `rm'
(Font)                  U/jkpmia/m/it --> U/jkpmia/m/it on input line 464.
LaTeX Font Info:    Overwriting symbol font `lettersA' in version `boldrm'
(Font)                  U/jkpmia/m/it --> U/jkpmia/bx/it on input line 465.
LaTeX Font Info:    Overwriting symbol font `lettersA' in version `sf'
(Font)                  U/jkpmia/m/it --> U/jkpssmia/m/it on input line 466.
LaTeX Font Info:    Overwriting symbol font `lettersA' in version `boldsf'
(Font)                  U/jkpmia/m/it --> U/jkpssmia/bx/it on input line 467.
LaTeX Font Info:    Redeclaring symbol font `symbols' on input line 479.
LaTeX Font Info:    Overwriting symbol font `symbols' in version `normal'
(Font)                  OMS/cmsy/m/n --> OMS/jkp/m/n on input line 479.
LaTeX Font Info:    Overwriting symbol font `symbols' in version `bold'
(Font)                  OMS/cmsy/b/n --> OMS/jkp/m/n on input line 479.
LaTeX Font Info:    Overwriting symbol font `symbols' in version `rm'
(Font)                  OMS/cmsy/m/n --> OMS/jkp/m/n on input line 479.
LaTeX Font Info:    Overwriting symbol font `symbols' in version `boldrm'
(Font)                  OMS/cmsy/m/n --> OMS/jkp/m/n on input line 479.
LaTeX Font Info:    Overwriting symbol font `symbols' in version `sf'
(Font)                  OMS/cmsy/m/n --> OMS/jkp/m/n on input line 479.
LaTeX Font Info:    Overwriting symbol font `symbols' in version `boldsf'
(Font)                  OMS/cmsy/m/n --> OMS/jkp/m/n on input line 479.
LaTeX Font Info:    Overwriting symbol font `symbols' in version `bold'
(Font)                  OMS/jkp/m/n --> OMS/jkp/bx/n on input line 480.
LaTeX Font Info:    Overwriting symbol font `symbols' in version `rm'
(Font)                  OMS/jkp/m/n --> OMS/jkp/m/n on input line 482.
LaTeX Font Info:    Overwriting symbol font `symbols' in version `boldrm'
(Font)                  OMS/jkp/m/n --> OMS/jkp/bx/n on input line 483.
LaTeX Font Info:    Overwriting symbol font `symbols' in version `sf'
(Font)                  OMS/jkp/m/n --> OMS/jkp/m/n on input line 484.
LaTeX Font Info:    Overwriting symbol font `symbols' in version `boldsf'
(Font)                  OMS/jkp/m/n --> OMS/jkp/bx/n on input line 485.
\symAMSa=\mathgroup5
LaTeX Font Info:    Overwriting symbol font `AMSa' in version `bold'
(Font)                  U/jkpsya/m/n --> U/jkpsya/bx/n on input line 499.
LaTeX Font Info:    Overwriting symbol font `AMSa' in version `rm'
(Font)                  U/jkpsya/m/n --> U/jkpsya/m/n on input line 500.
LaTeX Font Info:    Overwriting symbol font `AMSa' in version `boldrm'
(Font)                  U/jkpsya/m/n --> U/jkpsya/bx/n on input line 501.
LaTeX Font Info:    Overwriting symbol font `AMSa' in version `sf'
(Font)                  U/jkpsya/m/n --> U/jkpsya/m/n on input line 502.
LaTeX Font Info:    Overwriting symbol font `AMSa' in version `boldsf'
(Font)                  U/jkpsya/m/n --> U/jkpsya/bx/n on input line 503.
\symAMSb=\mathgroup6
LaTeX Font Info:    Overwriting symbol font `AMSb' in version `bold'
(Font)                  U/jkpsyb/m/n --> U/jkpsyb/bx/n on input line 552.
LaTeX Font Info:    Overwriting symbol font `AMSb' in version `rm'
(Font)                  U/jkpsyb/m/n --> U/jkpsyb/m/n on input line 553.
LaTeX Font Info:    Overwriting symbol font `AMSb' in version `boldrm'
(Font)                  U/jkpsyb/m/n --> U/jkpsyb/bx/n on input line 554.
LaTeX Font Info:    Overwriting symbol font `AMSb' in version `sf'
(Font)                  U/jkpsyb/m/n --> U/jkpsssyb/m/n on input line 555.
LaTeX Font Info:    Overwriting symbol font `AMSb' in version `boldsf'
(Font)                  U/jkpsyb/m/n --> U/jkpsssyb/bx/n on input line 556.
\symsymbolsC=\mathgroup7
LaTeX Font Info:    Overwriting symbol font `symbolsC' in version `bold'
(Font)                  U/jkpsyc/m/n --> U/jkpsyc/bx/n on input line 572.
LaTeX Font Info:    Overwriting symbol font `symbolsC' in version `rm'
(Font)                  U/jkpsyc/m/n --> U/jkpsyc/m/n on input line 574.
LaTeX Font Info:    Overwriting symbol font `symbolsC' in version `boldrm'
(Font)                  U/jkpsyc/m/n --> U/jkpsyc/bx/n on input line 575.
LaTeX Font Info:    Overwriting symbol font `symbolsC' in version `sf'
(Font)                  U/jkpsyc/m/n --> U/jkpsyc/m/n on input line 576.
LaTeX Font Info:    Overwriting symbol font `symbolsC' in version `boldsf'
(Font)                  U/jkpsyc/m/n --> U/jkpsyc/bx/n on input line 577.
LaTeX Font Info:    Overwriting math alphabet `\mathscr' in version `bold'
(Font)                  U/jkpsyd/m/n --> U/jkpsyd/bx/n on input line 606.
LaTeX Font Info:    Overwriting math alphabet `\mathscr' in version `rm'
(Font)                  U/jkpsyd/m/n --> U/jkpsyd/m/n on input line 608.
LaTeX Font Info:    Overwriting math alphabet `\mathscr' in version `boldrm'
(Font)                  U/jkpsyd/m/n --> U/jkpsyd/bx/n on input line 609.
LaTeX Font Info:    Overwriting math alphabet `\mathscr' in version `sf'
(Font)                  U/jkpsyd/m/n --> U/jkpsyd/m/n on input line 610.
LaTeX Font Info:    Overwriting math alphabet `\mathscr' in version `boldsf'
(Font)                  U/jkpsyd/m/n --> U/jkpsyd/bx/n on input line 611.
LaTeX Font Info:    Redeclaring symbol font `largesymbols' on input line 621.
LaTeX Font Info:    Overwriting symbol font `largesymbols' in version `normal'
(Font)                  OMX/cmex/m/n --> OMX/jkp/m/n on input line 621.
LaTeX Font Info:    Overwriting symbol font `largesymbols' in version `bold'
(Font)                  OMX/cmex/m/n --> OMX/jkp/m/n on input line 621.
LaTeX Font Info:    Overwriting symbol font `largesymbols' in version `rm'
(Font)                  OMX/cmex/m/n --> OMX/jkp/m/n on input line 621.
LaTeX Font Info:    Overwriting symbol font `largesymbols' in version `boldrm'
(Font)                  OMX/cmex/m/n --> OMX/jkp/m/n on input line 621.
LaTeX Font Info:    Overwriting symbol font `largesymbols' in version `sf'
(Font)                  OMX/cmex/m/n --> OMX/jkp/m/n on input line 621.
LaTeX Font Info:    Overwriting symbol font `largesymbols' in version `boldsf'
(Font)                  OMX/cmex/m/n --> OMX/jkp/m/n on input line 621.
LaTeX Font Info:    Overwriting symbol font `largesymbols' in version `bold'
(Font)                  OMX/jkp/m/n --> OMX/jkp/bx/n on input line 622.
LaTeX Font Info:    Overwriting symbol font `largesymbols' in version `rm'
(Font)                  OMX/jkp/m/n --> OMX/jkp/m/n on input line 624.
LaTeX Font Info:    Overwriting symbol font `largesymbols' in version `boldrm'
(Font)                  OMX/jkp/m/n --> OMX/jkp/bx/n on input line 625.
LaTeX Font Info:    Overwriting symbol font `largesymbols' in version `sf'
(Font)                  OMX/jkp/m/n --> OMX/jkpss/m/n on input line 626.
LaTeX Font Info:    Overwriting symbol font `largesymbols' in version `boldsf'
(Font)                  OMX/jkp/m/n --> OMX/jkpss/bx/n on input line 627.
\symlargesymbolsA=\mathgroup8
LaTeX Font Info:    Overwriting symbol font `largesymbolsA' in version `bold'
(Font)                  U/jkpexa/m/n --> U/jkpexa/bx/n on input line 638.
LaTeX Font Info:    Overwriting symbol font `largesymbolsA' in version `rm'
(Font)                  U/jkpexa/m/n --> U/jkpexa/m/n on input line 640.
LaTeX Font Info:    Overwriting symbol font `largesymbolsA' in version `boldrm'
(Font)                  U/jkpexa/m/n --> U/jkpexa/bx/n on input line 641.
LaTeX Font Info:    Overwriting symbol font `largesymbolsA' in version `sf'
(Font)                  U/jkpexa/m/n --> U/jkpexa/m/n on input line 642.
LaTeX Font Info:    Overwriting symbol font `largesymbolsA' in version `boldsf'
(Font)                  U/jkpexa/m/n --> U/jkpexa/bx/n on input line 643.
LaTeX Font Info:    Redeclaring math symbol \hbar on input line 963.
LaTeX Info: Redefining \not on input line 1603.
) (/usr/local/texlive/2025/texmf-dist/tex/latex/sourcesanspro/sourcesanspro.sty
Package: sourcesanspro 2018/05/19 v2.7 Adobe's Source Sans Pro typeface
 (/usr/local/texlive/2025/texmf-dist/tex/generic/iftex/ifxetex.sty
Package: ifxetex 2019/10/25 v0.7 ifxetex legacy package. Use iftex instead.
) (/usr/local/texlive/2025/texmf-dist/tex/generic/iftex/ifluatex.sty
Package: ifluatex 2019/10/25 v1.5 ifluatex legacy package. Use iftex instead.
) (/usr/local/texlive/2025/texmf-dist/tex/latex/xkeyval/xkeyval.sty
Package: xkeyval 2022/06/16 v2.9 package option processing (HA)
 (/usr/local/texlive/2025/texmf-dist/tex/generic/xkeyval/xkeyval.tex (/usr/local/texlive/2025/texmf-dist/tex/generic/xkeyval/xkvutils.tex
\XKV@toks=\toks37
\XKV@tempa@toks=\toks38
)
\XKV@depth=\count315
File: xkeyval.tex 2014/12/03 v2.7a key=value parser (HA)
)) (/usr/local/texlive/2025/texmf-dist/tex/latex/base/fontenc.sty
Package: fontenc 2021/04/29 v2.0v Standard LaTeX package
 (/usr/local/texlive/2025/texmf-dist/tex/latex/ly1/ly1enc.def
File: ly1enc.def 2022/06/11 v0.8 TeX 'n ANSI encoding (DPC/KB)
Now handling font encoding LY1 ...
... processing UTF-8 mapping file for font encoding LY1
 (/usr/local/texlive/2025/texmf-dist/tex/latex/base/ly1enc.dfu
File: ly1enc.dfu 2022/06/07 v1.3c UTF-8 support
   defining Unicode char U+00A0 (decimal 160)
   defining Unicode char U+00A1 (decimal 161)
   defining Unicode char U+00A2 (decimal 162)
   defining Unicode char U+00A3 (decimal 163)
   defining Unicode char U+00A4 (decimal 164)
   defining Unicode char U+00A5 (decimal 165)
   defining Unicode char U+00A6 (decimal 166)
   defining Unicode char U+00A7 (decimal 167)
   defining Unicode char U+00AA (decimal 170)
   defining Unicode char U+00AB (decimal 171)
   defining Unicode char U+00AD (decimal 173)
   defining Unicode char U+00AE (decimal 174)
   defining Unicode char U+00B0 (decimal 176)
   defining Unicode char U+00B5 (decimal 181)
   defining Unicode char U+00B6 (decimal 182)
   defining Unicode char U+00B7 (decimal 183)
   defining Unicode char U+00BA (decimal 186)
   defining Unicode char U+00BB (decimal 187)
   defining Unicode char U+00BC (decimal 188)
   defining Unicode char U+00BD (decimal 189)
   defining Unicode char U+00BE (decimal 190)
   defining Unicode char U+00BF (decimal 191)
   defining Unicode char U+00C0 (decimal 192)
   defining Unicode char U+00C1 (decimal 193)
   defining Unicode char U+00C2 (decimal 194)
   defining Unicode char U+00C3 (decimal 195)
   defining Unicode char U+00C4 (decimal 196)
   defining Unicode char U+00C5 (decimal 197)
   defining Unicode char U+00C6 (decimal 198)
   defining Unicode char U+00C7 (decimal 199)
   defining Unicode char U+00C8 (decimal 200)
   defining Unicode char U+00C9 (decimal 201)
   defining Unicode char U+00CA (decimal 202)
   defining Unicode char U+00CB (decimal 203)
   defining Unicode char U+00CC (decimal 204)
   defining Unicode char U+00CD (decimal 205)
   defining Unicode char U+00CE (decimal 206)
   defining Unicode char U+00CF (decimal 207)
   defining Unicode char U+00D0 (decimal 208)
   defining Unicode char U+00D1 (decimal 209)
   defining Unicode char U+00D2 (decimal 210)
   defining Unicode char U+00D3 (decimal 211)
   defining Unicode char U+00D4 (decimal 212)
   defining Unicode char U+00D5 (decimal 213)
   defining Unicode char U+00D6 (decimal 214)
   defining Unicode char U+00D8 (decimal 216)
   defining Unicode char U+00D9 (decimal 217)
   defining Unicode char U+00DA (decimal 218)
   defining Unicode char U+00DB (decimal 219)
   defining Unicode char U+00DC (decimal 220)
   defining Unicode char U+00DD (decimal 221)
   defining Unicode char U+00DE (decimal 222)
   defining Unicode char U+00DF (decimal 223)
   defining Unicode char U+00E0 (decimal 224)
   defining Unicode char U+00E1 (decimal 225)
   defining Unicode char U+00E2 (decimal 226)
   defining Unicode char U+00E3 (decimal 227)
   defining Unicode char U+00E4 (decimal 228)
   defining Unicode char U+00E5 (decimal 229)
   defining Unicode char U+00E6 (decimal 230)
   defining Unicode char U+00E7 (decimal 231)
   defining Unicode char U+00E8 (decimal 232)
   defining Unicode char U+00E9 (decimal 233)
   defining Unicode char U+00EA (decimal 234)
   defining Unicode char U+00EB (decimal 235)
   defining Unicode char U+00EC (decimal 236)
   defining Unicode char U+00ED (decimal 237)
   defining Unicode char U+00EE (decimal 238)
   defining Unicode char U+00EF (decimal 239)
   defining Unicode char U+00F0 (decimal 240)
   defining Unicode char U+00F1 (decimal 241)
   defining Unicode char U+00F2 (decimal 242)
   defining Unicode char U+00F3 (decimal 243)
   defining Unicode char U+00F4 (decimal 244)
   defining Unicode char U+00F5 (decimal 245)
   defining Unicode char U+00F6 (decimal 246)
   defining Unicode char U+00F8 (decimal 248)
   defining Unicode char U+00F9 (decimal 249)
   defining Unicode char U+00FA (decimal 250)
   defining Unicode char U+00FB (decimal 251)
   defining Unicode char U+00FC (decimal 252)
   defining Unicode char U+00FD (decimal 253)
   defining Unicode char U+00FE (decimal 254)
   defining Unicode char U+00FF (decimal 255)
   defining Unicode char U+0131 (decimal 305)
   defining Unicode char U+0141 (decimal 321)
   defining Unicode char U+0142 (decimal 322)
   defining Unicode char U+0152 (decimal 338)
   defining Unicode char U+0153 (decimal 339)
   defining Unicode char U+0160 (decimal 352)
   defining Unicode char U+0161 (decimal 353)
   defining Unicode char U+0174 (decimal 372)
   defining Unicode char U+0175 (decimal 373)
   defining Unicode char U+0176 (decimal 374)
   defining Unicode char U+0177 (decimal 375)
   defining Unicode char U+0178 (decimal 376)
   defining Unicode char U+017D (decimal 381)
   defining Unicode char U+017E (decimal 382)
   defining Unicode char U+0192 (decimal 402)
   defining Unicode char U+0218 (decimal 536)
   defining Unicode char U+0219 (decimal 537)
   defining Unicode char U+021A (decimal 538)
   defining Unicode char U+021B (decimal 539)
   defining Unicode char U+0237 (decimal 567)
   defining Unicode char U+02C6 (decimal 710)
   defining Unicode char U+02DC (decimal 732)
   defining Unicode char U+2013 (decimal 8211)
   defining Unicode char U+2014 (decimal 8212)
   defining Unicode char U+201C (decimal 8220)
   defining Unicode char U+201D (decimal 8221)
   defining Unicode char U+2020 (decimal 8224)
   defining Unicode char U+2021 (decimal 8225)
   defining Unicode char U+2022 (decimal 8226)
   defining Unicode char U+2026 (decimal 8230)
   defining Unicode char U+2030 (decimal 8240)
   defining Unicode char U+2039 (decimal 8249)
   defining Unicode char U+203A (decimal 8250)
   defining Unicode char U+2122 (decimal 8482)
   defining Unicode char U+FB00 (decimal 64256)
   defining Unicode char U+FB01 (decimal 64257)
   defining Unicode char U+FB02 (decimal 64258)
   defining Unicode char U+FB03 (decimal 64259)
   defining Unicode char U+FB04 (decimal 64260)
   defining Unicode char U+FB05 (decimal 64261)
   defining Unicode char U+FB06 (decimal 64262)
))
LaTeX Font Info:    Trying to load font information for T1+jkp on input line 116.
 (/usr/local/texlive/2025/texmf-dist/tex/latex/kpfonts/t1jkp.fd
File: t1jkp.fd 2007/01/24 Fontinst v1.928 font definitions for T1/jkp.
))) (/usr/local/texlive/2025/texmf-dist/tex/latex/tools/multicol.sty
Package: multicol 2024/09/14 v1.9i multicolumn formatting (FMi)
\c@tracingmulticols=\count316
\mult@box=\box86
\multicol@leftmargin=\dimen272
\c@unbalance=\count317
\c@collectmore=\count318
\doublecol@number=\count319
\multicoltolerance=\count320
\multicolpretolerance=\count321
\full@width=\dimen273
\page@free=\dimen274
\premulticols=\dimen275
\postmulticols=\dimen276
\multicolsep=\skip58
\multicolbaselineskip=\skip59
\partial@page=\box87
\last@line=\box88
\mc@boxedresult=\box89
\maxbalancingoverflow=\dimen277
\mult@rightbox=\box90
\mult@grightbox=\box91
\mult@firstbox=\box92
\mult@gfirstbox=\box93
\@tempa=\box94
\@tempa=\box95
\@tempa=\box96
\@tempa=\box97
\@tempa=\box98
\@tempa=\box99
\@tempa=\box100
\@tempa=\box101
\@tempa=\box102
\@tempa=\box103
\@tempa=\box104
\@tempa=\box105
\@tempa=\box106
\@tempa=\box107
\@tempa=\box108
\@tempa=\box109
\@tempa=\box110
\@tempa=\box111
\@tempa=\box112
\@tempa=\box113
\@tempa=\box114
\@tempa=\box115
\@tempa=\box116
\@tempa=\box117
\@tempa=\box118
\@tempa=\box119
\@tempa=\box120
\@tempa=\box121
\@tempa=\box122
\@tempa=\box123
\@tempa=\box124
\@tempa=\box125
\@tempa=\box126
\@tempa=\box127
\@tempa=\box128
\@tempa=\box129
\c@minrows=\count322
\c@columnbadness=\count323
\c@finalcolumnbadness=\count324
\last@try=\dimen278
\multicolovershoot=\dimen279
\multicolundershoot=\dimen280
\mult@nat@firstbox=\box130
\colbreak@box=\box131
\mc@col@check@num=\count325
) (/usr/local/texlive/2025/texmf-dist/tex/latex/wrapfig/wrapfig.sty
\wrapoverhang=\dimen281
\WF@size=\dimen282
\c@WF@wrappedlines=\count326
\WF@box=\box132
\WF@everypar=\toks39
Package: wrapfig 2003/01/31  v 3.6
) (/usr/local/texlive/2025/texmf-dist/tex/latex/geometry/geometry.sty
Package: geometry 2020/01/02 v5.9 Page Geometry

(/usr/local/texlive/2025/texmf-dist/tex/generic/iftex/ifvtex.sty
Package: ifvtex 2019/10/25 v1.7 ifvtex legacy package. Use iftex instead.
)
\Gm@cnth=\count327
\Gm@cntv=\count328
\c@Gm@tempcnt=\count329
\Gm@bindingoffset=\dimen283
\Gm@wd@mp=\dimen284
\Gm@odd@mp=\dimen285
\Gm@even@mp=\dimen286
\Gm@layoutwidth=\dimen287
\Gm@layoutheight=\dimen288
\Gm@layouthoffset=\dimen289
\Gm@layoutvoffset=\dimen290
\Gm@dimlist=\toks40
) (/usr/local/texlive/2025/texmf-dist/tex/latex/mdframed/mdframed.sty
Package: mdframed 2013/07/01 1.9b: mdframed
 (/usr/local/texlive/2025/texmf-dist/tex/latex/kvoptions/kvoptions.sty
Package: kvoptions 2022-06-15 v3.15 Key value format for package options (HO)
 (/usr/local/texlive/2025/texmf-dist/tex/generic/ltxcmds/ltxcmds.sty
Package: ltxcmds 2023-12-04 v1.26 LaTeX kernel commands for general use (HO)
) (/usr/local/texlive/2025/texmf-dist/tex/latex/kvsetkeys/kvsetkeys.sty
Package: kvsetkeys 2022-10-05 v1.19 Key value parser (HO)
)) (/usr/local/texlive/2025/texmf-dist/tex/latex/l3packages/xparse/xparse.sty (/usr/local/texlive/2025/texmf-dist/tex/latex/l3kernel/expl3.sty
Package: expl3 2025-01-18 L3 programming layer (loader) 
 (/usr/local/texlive/2025/texmf-dist/tex/latex/l3backend/l3backend-pdftex.def
File: l3backend-pdftex.def 2024-05-08 L3 backend support: PDF output (pdfTeX)
\l__color_backend_stack_int=\count330
\l__pdf_internal_box=\box133
))
Package: xparse 2024-08-16 L3 Experimental document command parser
) (/usr/local/texlive/2025/texmf-dist/tex/latex/etoolbox/etoolbox.sty
Package: etoolbox 2025/02/11 v2.5l e-TeX tools for LaTeX (JAW)
\etb@tempcnta=\count331
) (/usr/local/texlive/2025/texmf-dist/tex/latex/zref/zref-abspage.sty
Package: zref-abspage 2023-09-14 v2.35 Module abspage for zref (HO)
 (/usr/local/texlive/2025/texmf-dist/tex/latex/zref/zref-base.sty
Package: zref-base 2023-09-14 v2.35 Module base for zref (HO)
 (/usr/local/texlive/2025/texmf-dist/tex/generic/infwarerr/infwarerr.sty
Package: infwarerr 2019/12/03 v1.5 Providing info/warning/error messages (HO)
) (/usr/local/texlive/2025/texmf-dist/tex/generic/kvdefinekeys/kvdefinekeys.sty
Package: kvdefinekeys 2019-12-19 v1.6 Define keys (HO)
) (/usr/local/texlive/2025/texmf-dist/tex/generic/pdftexcmds/pdftexcmds.sty
Package: pdftexcmds 2020-06-27 v0.33 Utility functions of pdfTeX for LuaTeX (HO)
Package pdftexcmds Info: \pdf@primitive is available.
Package pdftexcmds Info: \pdf@ifprimitive is available.
Package pdftexcmds Info: \pdfdraftmode found.
) (/usr/local/texlive/2025/texmf-dist/tex/generic/etexcmds/etexcmds.sty
Package: etexcmds 2019/12/15 v1.7 Avoid name clashes with e-TeX commands (HO)
) (/usr/local/texlive/2025/texmf-dist/tex/latex/auxhook/auxhook.sty
Package: auxhook 2019-12-17 v1.6 Hooks for auxiliary files (HO)
)
Package zref Info: New property list: main on input line 767.
Package zref Info: New property: default on input line 768.
Package zref Info: New property: page on input line 769.
)
\c@abspage=\count332
Package zref Info: New property: abspage on input line 67.
) (/usr/local/texlive/2025/texmf-dist/tex/latex/needspace/needspace.sty
Package: needspace 2010/09/12 v1.3d reserve vertical space
)
\mdf@templength=\skip60
\c@mdf@globalstyle@cnt=\count333
\mdf@skipabove@length=\skip61
\mdf@skipbelow@length=\skip62
\mdf@leftmargin@length=\skip63
\mdf@rightmargin@length=\skip64
\mdf@innerleftmargin@length=\skip65
\mdf@innerrightmargin@length=\skip66
\mdf@innertopmargin@length=\skip67
\mdf@innerbottommargin@length=\skip68
\mdf@splittopskip@length=\skip69
\mdf@splitbottomskip@length=\skip70
\mdf@outermargin@length=\skip71
\mdf@innermargin@length=\skip72
\mdf@linewidth@length=\skip73
\mdf@innerlinewidth@length=\skip74
\mdf@middlelinewidth@length=\skip75
\mdf@outerlinewidth@length=\skip76
\mdf@roundcorner@length=\skip77
\mdf@footenotedistance@length=\skip78
\mdf@userdefinedwidth@length=\skip79
\mdf@needspace@length=\skip80
\mdf@frametitleaboveskip@length=\skip81
\mdf@frametitlebelowskip@length=\skip82
\mdf@frametitlerulewidth@length=\skip83
\mdf@frametitleleftmargin@length=\skip84
\mdf@frametitlerightmargin@length=\skip85
\mdf@shadowsize@length=\skip86
\mdf@extratopheight@length=\skip87
\mdf@subtitleabovelinewidth@length=\skip88
\mdf@subtitlebelowlinewidth@length=\skip89
\mdf@subtitleaboveskip@length=\skip90
\mdf@subtitlebelowskip@length=\skip91
\mdf@subtitleinneraboveskip@length=\skip92
\mdf@subtitleinnerbelowskip@length=\skip93
\mdf@subsubtitleabovelinewidth@length=\skip94
\mdf@subsubtitlebelowlinewidth@length=\skip95
\mdf@subsubtitleaboveskip@length=\skip96
\mdf@subsubtitlebelowskip@length=\skip97
\mdf@subsubtitleinneraboveskip@length=\skip98
\mdf@subsubtitleinnerbelowskip@length=\skip99
 (/usr/local/texlive/2025/texmf-dist/tex/latex/mdframed/md-frame-1.mdf
File: md-frame-1.mdf 2013/07/01\ 1.9b: md-frame-1
)
\mdf@frametitlebox=\box134
\mdf@footnotebox=\box135
\mdf@splitbox@one=\box136
\mdf@splitbox@two=\box137
\mdf@splitbox@save=\box138
\mdfsplitboxwidth=\skip100
\mdfsplitboxtotalwidth=\skip101
\mdfsplitboxheight=\skip102
\mdfsplitboxdepth=\skip103
\mdfsplitboxtotalheight=\skip104
\mdfframetitleboxwidth=\skip105
\mdfframetitleboxtotalwidth=\skip106
\mdfframetitleboxheight=\skip107
\mdfframetitleboxdepth=\skip108
\mdfframetitleboxtotalheight=\skip109
\mdffootnoteboxwidth=\skip110
\mdffootnoteboxtotalwidth=\skip111
\mdffootnoteboxheight=\skip112
\mdffootnoteboxdepth=\skip113
\mdffootnoteboxtotalheight=\skip114
\mdftotallinewidth=\skip115
\mdfboundingboxwidth=\skip116
\mdfboundingboxtotalwidth=\skip117
\mdfboundingboxheight=\skip118
\mdfboundingboxdepth=\skip119
\mdfboundingboxtotalheight=\skip120
\mdf@freevspace@length=\skip121
\mdf@horizontalwidthofbox@length=\skip122
\mdf@verticalmarginwhole@length=\skip123
\mdf@horizontalspaceofbox=\skip124
\mdfsubtitleheight=\skip125
\mdfsubsubtitleheight=\skip126
\c@mdfcountframes=\count334

****** mdframed patching \endmdf@trivlist

****** -- success******

\mdf@envdepth=\count335
\c@mdf@env@i=\count336
\c@mdf@env@ii=\count337
\c@mdf@zref@counter=\count338
Package zref Info: New property: mdf@pagevalue on input line 895.
) (/usr/local/texlive/2025/texmf-dist/tex/latex/microtype/microtype.sty
Package: microtype 2025/02/11 v3.2a Micro-typographical refinements (RS)
\MT@toks=\toks41
\MT@tempbox=\box139
\MT@count=\count339
LaTeX Info: Redefining \noprotrusionifhmode on input line 1087.
LaTeX Info: Redefining \leftprotrusion on input line 1088.
\MT@prot@toks=\toks42
LaTeX Info: Redefining \rightprotrusion on input line 1107.
LaTeX Info: Redefining \textls on input line 1449.
\MT@outer@kern=\dimen291
LaTeX Info: Redefining \microtypecontext on input line 2053.
LaTeX Info: Redefining \textmicrotypecontext on input line 2070.
\MT@listname@count=\count340
 (/usr/local/texlive/2025/texmf-dist/tex/latex/microtype/microtype-pdftex.def
File: microtype-pdftex.def 2025/02/11 v3.2a Definitions specific to pdftex (RS)
LaTeX Info: Redefining \lsstyle on input line 944.
LaTeX Info: Redefining \lslig on input line 944.
\MT@outer@space=\skip127
)
Package microtype Info: Loading configuration file microtype.cfg.
 (/usr/local/texlive/2025/texmf-dist/tex/latex/microtype/microtype.cfg
File: microtype.cfg 2025/02/11 v3.2a microtype main configuration file (RS)
)
LaTeX Info: Redefining \microtypesetup on input line 3065.
) (/usr/local/texlive/2025/texmf-dist/tex/latex/pdfpages/pdfpages.sty
Package: pdfpages 2025/01/30 v0.6e Insert pages of external PDF documents (AM)
 (/usr/local/texlive/2025/texmf-dist/tex/latex/base/ifthen.sty
Package: ifthen 2024/03/16 v1.1e Standard LaTeX ifthen package (DPC)
) (/usr/local/texlive/2025/texmf-dist/tex/latex/eso-pic/eso-pic.sty
Package: eso-pic 2023/05/03 v3.0c eso-pic (RN)
\ESO@tempdima=\dimen292
\ESO@tempdimb=\dimen293
)
\AM@pagewidth=\dimen294
\AM@pageheight=\dimen295
\AM@fboxrule=\dimen296
 (/usr/local/texlive/2025/texmf-dist/tex/latex/pdfpages/pppdftex.def
File: pppdftex.def 2025/01/30 v0.6e Pdfpages driver for pdfTeX (AM)
)
\pdfpages@includegraphics@status=\count341
\AM@pagebox=\box140
\AM@global@opts=\toks43
\AM@pagecnt=\count342
\AM@toc@title=\toks44
\AM@lof@heading=\toks45
\c@AM@survey=\count343
\AM@templatesizebox=\box141
) (/usr/local/texlive/2025/texmf-dist/tex/latex/bbm-macros/bbm.sty
Package: bbm 1999/03/15 V 1.2 provides fonts for set symbols - TH
LaTeX Font Info:    Overwriting math alphabet `\mathbbm' in version `bold'
(Font)                  U/bbm/m/n --> U/bbm/bx/n on input line 33.
LaTeX Font Info:    Overwriting math alphabet `\mathbbmss' in version `bold'
(Font)                  U/bbmss/m/n --> U/bbmss/bx/n on input line 35.
) (./content/def.tex
\pgf@layerbox@background=\box142
\pgf@layerboxsaved@background=\box143
) (./cheatsheet.aux)
\openout1 = `cheatsheet.aux'.

LaTeX Font Info:    Checking defaults for OML/jkp/m/it on input line 31.
LaTeX Font Info:    Trying to load font information for OML+jkp on input line 31.
 (/usr/local/texlive/2025/texmf-dist/tex/latex/kpfonts/omljkp.fd
File: omljkp.fd 2006/08/15 v1.0
)
LaTeX Font Info:    ... okay on input line 31.
LaTeX Font Info:    Checking defaults for OMS/jkp/m/n on input line 31.
LaTeX Font Info:    Trying to load font information for OMS+jkp on input line 31.
 (/usr/local/texlive/2025/texmf-dist/tex/latex/kpfonts/omsjkp.fd
File: omsjkp.fd 2006/08/15 v1.0
)
LaTeX Font Info:    ... okay on input line 31.
LaTeX Font Info:    Checking defaults for OT1/cmr/m/n on input line 31.
LaTeX Font Info:    ... okay on input line 31.
LaTeX Font Info:    Checking defaults for T1/cmr/m/n on input line 31.
LaTeX Font Info:    ... okay on input line 31.
LaTeX Font Info:    Checking defaults for TS1/cmr/m/n on input line 31.
LaTeX Font Info:    ... okay on input line 31.
LaTeX Font Info:    Checking defaults for OMX/jkp/m/n on input line 31.
LaTeX Font Info:    Trying to load font information for OMX+jkp on input line 31.
 (/usr/local/texlive/2025/texmf-dist/tex/latex/kpfonts/omxjkp.fd
File: omxjkp.fd 2006/08/15 v1.0
)
LaTeX Font Info:    ... okay on input line 31.
LaTeX Font Info:    Checking defaults for U/jkpexa/m/n on input line 31.
LaTeX Font Info:    Trying to load font information for U+jkpexa on input line 31.
 (/usr/local/texlive/2025/texmf-dist/tex/latex/kpfonts/ujkpexa.fd
File: ujkpexa.fd 2006/08/15 v1.0
)
LaTeX Font Info:    ... okay on input line 31.
LaTeX Font Info:    Checking defaults for LY1/ptm/m/n on input line 31.
LaTeX Font Info:    Trying to load font information for LY1+ptm on input line 31.
 (/usr/local/texlive/2025/texmf-dist/tex/latex/ly1/ly1ptm.fd
File: ly1ptm.fd 2001/02/01 font definitions for LY1/ptm using Berry names.
)
LaTeX Font Info:    ... okay on input line 31.
 (/usr/local/texlive/2025/texmf-dist/tex/context/base/mkii/supp-pdf.mkii
[Loading MPS to PDF converter (version 2006.09.02).]
\scratchcounter=\count344
\scratchdimen=\dimen297
\scratchbox=\box144
\nofMPsegments=\count345
\nofMParguments=\count346
\everyMPshowfont=\toks46
\MPscratchCnt=\count347
\MPscratchDim=\dimen298
\MPnumerator=\count348
\makeMPintoPDFobject=\count349
\everyMPtoPDFconversion=\toks47
) (/usr/local/texlive/2025/texmf-dist/tex/latex/epstopdf-pkg/epstopdf-base.sty
Package: epstopdf-base 2020-01-24 v2.11 Base part for package epstopdf
Package epstopdf-base Info: Redefining graphics rule for `.eps' on input line 485.
 (/usr/local/texlive/2025/texmf-dist/tex/latex/latexconfig/epstopdf-sys.cfg
File: epstopdf-sys.cfg 2010/07/13 v1.3 Configuration of (r)epstopdf for TeX Live
))
*geometry* driver: auto-detecting
*geometry* detected driver: pdftex
*geometry* verbose mode - [ preamble ] result:
* driver: pdftex
* paper: letterpaper
* layout: <same size as paper>
* layoutoffset:(h,v)=(0.0pt,0.0pt)
* modes: landscape 
* h-part:(L,W,R)=(0.0pt, 792.12473pt, 2.84526pt)
* v-part:(T,H,B)=(0.0pt, 611.44974pt, 2.84526pt)
* \paperwidth=794.96999pt
* \paperheight=614.295pt
* \textwidth=792.12473pt
* \textheight=611.44974pt
* \oddsidemargin=-72.26999pt
* \evensidemargin=-72.26999pt
* \topmargin=-109.26999pt
* \headheight=12.0pt
* \headsep=25.0pt
* \topskip=10.0pt
* \footskip=30.0pt
* \marginparwidth=144.0pt
* \marginparsep=11.0pt
* \columnsep=10.0pt
* \skip\footins=6.29997pt plus 2.79968pt minus 1.40028pt
* \hoffset=0.0pt
* \voffset=0.0pt
* \mag=1000
* \@twocolumnfalse
* \@twosidefalse
* \@mparswitchfalse
* \@reversemarginfalse
* (1in=72.27pt=25.4mm, 1cm=28.453pt)

LaTeX Info: Redefining \microtypecontext on input line 31.
Package microtype Info: Applying patch `item' on input line 31.
Package microtype Info: Applying patch `toc' on input line 31.
Package microtype Info: Applying patch `eqnum' on input line 31.

Package microtype Warning: Unable to apply patch `footnote' on input line 31.

Package microtype Info: Applying patch `verbatim' on input line 31.
LaTeX Info: Redefining \microtypesetup on input line 31.
Package microtype Info: Generating PDF output.
Package microtype Info: Character protrusion enabled (level 2).
Package microtype Info: Using default protrusion set `alltext'.
Package microtype Info: Automatic font expansion enabled (level 2),
(microtype)             stretch: 20, shrink: 20, step: 1, non-selected.
Package microtype Info: Using default expansion set `alltext-nott'.
LaTeX Info: Redefining \showhyphens on input line 31.
Package microtype Info: No adjustment of tracking.
Package microtype Info: No adjustment of interword spacing.
Package microtype Info: No adjustment of character kerning.
Package microtype Info: Loading generic protrusion settings for font family
(microtype)             `jkp' (encoding: T1).
(microtype)             For optimal results, create family-specific settings.
(microtype)             See the microtype manual for details.
(/usr/local/texlive/2025/texmf-dist/tex/latex/pdflscape/pdflscape.sty
Package: pdflscape 2022-10-27 v0.13 Display of landscape pages in PDF
 (/usr/local/texlive/2025/texmf-dist/tex/latex/pdflscape/pdflscape-nometadata.sty
Package: pdflscape-nometadata 2022-10-28 v0.13 Display of landscape pages in PDF (HO)
 (/usr/local/texlive/2025/texmf-dist/tex/latex/graphics/lscape.sty
Package: lscape 2020/05/28 v3.02 Landscape Pages (DPC)
)
Package pdflscape Info: Auto-detected driver: pdftex on input line 81.
)) (./content/Models.tex
LaTeX Font Info:    Trying to load font information for T1+SourceSansPro-TLF on input line 1.
 (/usr/local/texlive/2025/texmf-dist/tex/latex/sourcesanspro/T1SourceSansPro-TLF.fd
File: T1SourceSansPro-TLF.fd 2020/01/19 (autoinst) Font definitions for T1/SourceSansPro-TLF.
)
LaTeX Font Info:    Font shape `T1/SourceSansPro-TLF/m/n' aliased to
(Font)              `T1/SourceSansPro-TLF/regular/n' on input line 1.
LaTeX Font Info:    Font shape `T1/SourceSansPro-TLF/regular/n' will be
(Font)              scaled to size 6.38754pt on input line 1.
Package microtype Info: Loading generic protrusion settings for font family
(microtype)             `SourceSansPro-TLF' (encoding: T1).
(microtype)             For optimal results, create family-specific settings.
(microtype)             See the microtype manual for details.
LaTeX Font Info:    Font shape `T1/SourceSansPro-TLF/b/n' aliased to
(Font)              `T1/SourceSansPro-TLF/bold/n' on input line 1.
LaTeX Font Info:    Font shape `T1/SourceSansPro-TLF/bold/n' will be
(Font)              scaled to size 6.38754pt on input line 1.
LaTeX Font Info:    Calculating math sizes for size <6.38754> on input line 2.
LaTeX Font Info:    Trying to load font information for OT1+jkp on input line 2.
 (/usr/local/texlive/2025/texmf-dist/tex/latex/kpfonts/ot1jkp.fd
File: ot1jkp.fd 2007/08/30 Fontinst v1.928 font definitions for OT1/jkp.
)
Package microtype Info: Loading generic protrusion settings for font family
(microtype)             `jkp' (encoding: OT1).
(microtype)             For optimal results, create family-specific settings.
(microtype)             See the microtype manual for details.
LaTeX Font Info:    Trying to load font information for U+jkpmia on input line 2.
 (/usr/local/texlive/2025/texmf-dist/tex/latex/kpfonts/ujkpmia.fd
File: ujkpmia.fd 2006/08/15 v1.0
)
LaTeX Font Info:    Trying to load font information for U+jkpsya on input line 2.
 (/usr/local/texlive/2025/texmf-dist/tex/latex/kpfonts/ujkpsya.fd
File: ujkpsya.fd 2006/08/15 v1.0
)
LaTeX Font Info:    Trying to load font information for U+jkpsyb on input line 2.
 (/usr/local/texlive/2025/texmf-dist/tex/latex/kpfonts/ujkpsyb.fd
File: ujkpsyb.fd 2006/08/15 v1.0
)
LaTeX Font Info:    Trying to load font information for U+jkpsyc on input line 2.
 (/usr/local/texlive/2025/texmf-dist/tex/latex/kpfonts/ujkpsyc.fd
File: ujkpsyc.fd 2006/08/15 v1.0
)) (./content/estimators.tex
Underfull \hbox (badness 10000) in paragraph at lines 3--4

 []


Underfull \hbox (badness 10000) in paragraph at lines 5--6

 []


Underfull \hbox (badness 5726) in paragraph at lines 7--8
[]\T1/jkp/m/n/6.38754 (+20) Estimators are ran-dom va-ria-bles
 []


Underfull \hbox (badness 10000) in paragraph at lines 7--8

 []

) (./content/Law_large_Numbers.tex) (./content/Quantiles.tex
Underfull \hbox (badness 10000) in paragraph at lines 3--4

 []


Underfull \hbox (badness 10000) in paragraph at lines 9--11

 []


Underfull \hbox (badness 5985) in paragraph at lines 14--16
\T1/jkp/m/n/6.38754 (+20) using Z-tables (stan-dard nor-mal
 []


Underfull \hbox (badness 10000) in paragraph at lines 14--16

 []

) (./content/Confidence_intervals.tex
Overfull \hbox (15.07668pt too wide) in paragraph at lines 24--1
[]
 []


Underfull \hbox (badness 10000) in paragraph at lines 24--1

 []


Underfull \hbox (badness 10000) in paragraph at lines 3--4

 []


Underfull \hbox (badness 10000) in paragraph at lines 5--6

 []

) (./content/Hypothesis_tests.tex
Underfull \hbox (badness 10000) in paragraph at lines 3--8

 []


Underfull \hbox (badness 10000) in paragraph at lines 9--10
[]\T1/jkp/m/n/6.38754 (+20) A test $[]\OML/jkp/m/it/6.38754  $[] \T1/jkp/m/n/6.38754 (+20) has \T1/jkp/b/n/6.38754 (+20) le-vel $[]\OML/jkp/m/it/6.38754 $[] \T1/jkp/m/n/6.38754 (+20) if
 []


Underfull \hbox (badness 10000) in paragraph at lines 9--10

 []


Underfull \hbox (badness 10000) in paragraph at lines 26--27

 []


Underfull \hbox (badness 10000) in paragraph at lines 42--50

 []


Underfull \hbox (badness 10000) in paragraph at lines 61--62

 []


Underfull \hbox (badness 10000) in paragraph at lines 63--64

 []


Overfull \hbox (10.40778pt too wide) detected at line 83
[]
 []


Underfull \hbox (badness 10000) in paragraph at lines 86--87
[]\T1/jkp/m/n/6.38754 (+20) Let $[]\OML/jkp/m/it/6.38754 X[]; [] ; X[] [] Bern\OT1/jkp/m/n/6.38754 (+20) (\OML/jkp/m/it/6.38754 p[]\OT1/jkp/m/n/6.38754 (+20) )$[] \T1/jkp/m/n/6.38754 (+20) and
 []


Underfull \hbox (badness 10000) in paragraph at lines 86--87

 []


Underfull \hbox (badness 7944) in paragraph at lines 92--93
[]$[][]\OML/jkp/m/it/6.38754 n\OT1/jkp/m/n/6.38754 (+20) )(\OML/jkp/m/it/6.38754 g\OT1/jkp/m/n/6.38754 (+20) ([]\OML/jkp/m/it/6.38754 ; []\OT1/jkp/m/n/6.38754 (+20) ) \OMS/jkp/m/n/6.38754 ^^@ \OML/jkp/m/it/6.38754 g\OT1/jkp/m/n/6.38754 (+20) (\OML/jkp/m/it/6.38754 p[] \OMS/jkp/m/n/6.38754 ^^@ \OML/jkp/m/it/6.38754 p[]\OT1/jkp/m/n/6.38754 (+20) )) []
 []


Underfull \hbox (badness 10000) in paragraph at lines 92--93

 []


Underfull \hbox (badness 10000) in paragraph at lines 101--102

 []


Underfull \hbox (badness 10000) in paragraph at lines 103--104

 []


Underfull \hbox (badness 5726) in paragraph at lines 111--113
\T1/jkp/m/n/6.38754 (+20) If for-mu-la for un-bia-sed sam-ple
 []


Underfull \hbox (badness 10000) in paragraph at lines 111--113

 []


Underfull \hbox (badness 10000) in paragraph at lines 117--118
[]\T1/jkp/m/n/6.38754 (+20) Non-asymptotic hy-po-the-sis test
 []


Underfull \hbox (badness 10000) in paragraph at lines 117--118

 []


Underfull \hbox (badness 10000) in paragraph at lines 119--121

 []


Underfull \hbox (badness 10000) in paragraph at lines 122--123

 []


Underfull \hbox (badness 10000) in paragraph at lines 124--125

 []


Underfull \hbox (badness 10000) in paragraph at lines 136--137
[]\OML/jkp/m/it/6.38754 N\OT1/jkp/m/n/6.38754 (+20) (0\OML/jkp/m/it/6.38754 ; \OT1/jkp/m/n/6.38754 (+20) 1)$[] \T1/jkp/m/n/6.38754 (+20) and the de-no-mi-na-tor
 []


Underfull \hbox (badness 10000) in paragraph at lines 136--137

 []


Underfull \hbox (badness 10000) in paragraph at lines 150--151
[]\T1/jkp/m/n/6.38754 (+20) Let $[]\OML/jkp/m/it/6.38754 X[]; :::; X[] [] N\OT1/jkp/m/n/6.38754 (+20) (\OML/jkp/m/it/6.38754 ^^V[]; ^^[[]\OT1/jkp/m/n/6.38754 (+20) )$[] \T1/jkp/m/n/6.38754 (+20) and
 []


Underfull \hbox (badness 10000) in paragraph at lines 150--151
[]\OML/jkp/m/it/6.38754 Y[]; :::; Y[] [] N\OT1/jkp/m/n/6.38754 (+20) (\OML/jkp/m/it/6.38754 ^^V[]; ^^[[]\OT1/jkp/m/n/6.38754 (+20) )$[]\T1/jkp/m/n/6.38754 (+20) , sup-po-se
 []


Underfull \hbox (badness 10000) in paragraph at lines 157--158

 []


Underfull \hbox (badness 10000) in paragraph at lines 159--160

 []


Underfull \hbox (badness 10000) in paragraph at lines 172--173

 []


Underfull \hbox (badness 10000) in paragraph at lines 174--175

 []


Underfull \hbox (badness 10000) in paragraph at lines 176--177

 []


Underfull \hbox (badness 10000) in paragraph at lines 178--179

 []


Overfull \hbox (3.72354pt too wide) detected at line 185
[]
 []


Underfull \hbox (badness 10000) in paragraph at lines 199--201

 []


Overfull \hbox (6.6267pt too wide) detected at line 211
[]
 []


Underfull \hbox (badness 10000) in paragraph at lines 224--225
\T1/jkp/m/n/6.38754 (+20) a ca-te-go-ri-cal dis-tri-bu-ti-on. Test
 []


Underfull \hbox (badness 10000) in paragraph at lines 224--225
\T1/jkp/m/n/6.38754 (+20) Ex-am-ple: against the uni-form
 []


Underfull \hbox (badness 10000) in paragraph at lines 224--225

 []


Underfull \hbox (badness 10000) in paragraph at lines 240--248
[] \OML/jkp/m/it/6.38754 :$[]
 []

)
Underfull \hbox (badness 10000) in paragraph at lines 256--60

 []

(./content/Total_variation.tex
Overfull \hbox (10.57025pt too wide) detected at line 13
[]
 []


Underfull \hbox (badness 10000) in paragraph at lines 13--18
\T1/jkp/m/n/6.38754 (+20) Triangle in-e-qua-li-ty: $[]\OML/jkp/m/it/6.38754 TV\OT1/jkp/m/n/6.38754 (+20) (\OT1/jkp/b/n/6.38754 (+20) P\OML/jkp/m/it/6.38754 ; \OT1/jkp/b/n/6.38754 (+20) V\OT1/jkp/m/n/6.38754 (+20) ) \OMS/jkp/m/n/6.38754 ^^T
 []


Underfull \hbox (badness 10000) in paragraph at lines 13--18

 []


Overfull \hbox (7.93153pt too wide) detected at line 35
[]
 []


Underfull \hbox (badness 7832) in paragraph at lines 35--41
\T1/jkp/m/n/6.38754 (+20) mea-su-re! Al-ways sum over the
 []


Underfull \hbox (badness 10000) in paragraph at lines 35--41
\T1/jkp/m/n/6.38754 (+20) Asymetric in ge-ne-ral:
 []


Underfull \hbox (badness 10000) in paragraph at lines 35--41
\T1/jkp/m/n/6.38754 (+20) Does not sa-tis-fy tri-an-
 []


Underfull \hbox (badness 10000) in paragraph at lines 35--41
\T1/jkp/m/n/6.38754 (+20) gle in-e-qua-li-ty in ge-ne-ral:
 []


Underfull \hbox (badness 10000) in paragraph at lines 35--41

 []


Overfull \hbox (7.64781pt too wide) detected at line 46
[]
 []

) (./content/Likelihood.tex [1

{/usr/local/texlive/2025/texmf-var/fonts/map/pdftex/updmap/pdftex.map}{/usr/local/texlive/2025/texmf-dist/fonts/enc/dvips/sourcesanspro/a_emkxm5.enc}{/usr/local/texlive/2025/texmf-dist/fonts/enc/dvips/base/8r.enc}{/usr/local/texlive/2025/texmf-dist/fonts/enc/dvips/kpfonts/kpfonts-expert.enc}]
Underfull \hbox (badness 10000) in paragraph at lines 34--35
[]\T1/jkp/m/n/6.38754 (+20) The Fis-her in-for-ma-ti-on is the
 []


Underfull \hbox (badness 10000) in paragraph at lines 34--35

 []


Underfull \hbox (badness 10000) in paragraph at lines 36--37

 []


Underfull \hbox (badness 10000) in paragraph at lines 38--39
\OT1/jkp/m/n/6.38754 (+20) = \U/jkpsyb/m/n/6.38754 E\OT1/jkp/m/n/6.38754 (+20) [\OMS/jkp/m/n/6.38754 r\OML/jkp/m/it/6.38754 `\OT1/jkp/m/n/6.38754 (+20) (\OML/jkp/m/it/6.38754 ^^R\OT1/jkp/m/n/6.38754 (+20) ))\OMS/jkp/m/n/6.38754 r\OML/jkp/m/it/6.38754 `\OT1/jkp/m/n/6.38754 (+20) (\OML/jkp/m/it/6.38754 ^^R\OT1/jkp/m/n/6.38754 (+20) )[]] \OMS/jkp/m/n/6.38754 ^^@
 []


Underfull \hbox (badness 10000) in paragraph at lines 38--39

 []


Underfull \hbox (badness 10000) in paragraph at lines 40--41

 []


Underfull \hbox (badness 10000) in paragraph at lines 42--43

 []


Underfull \hbox (badness 10000) in paragraph at lines 44--45

 []


Underfull \hbox (badness 10000) in paragraph at lines 46--47

 []


Underfull \hbox (badness 6675) in paragraph at lines 48--49
[]\T1/jkp/m/n/6.38754 (+20) Models with one pa-ra-me-ter (ie.
 []


Underfull \hbox (badness 10000) in paragraph at lines 48--49

 []


Underfull \hbox (badness 10000) in paragraph at lines 50--51

 []


Underfull \hbox (badness 10000) in paragraph at lines 52--53

 []


Underfull \hbox (badness 10000) in paragraph at lines 54--55

 []


Underfull \hbox (badness 10000) in paragraph at lines 56--57

 []


Underfull \hbox (badness 10000) in paragraph at lines 58--59

 []

) (./content/Moments.tex
Underfull \hbox (badness 10000) in paragraph at lines 84--1

 []

Missing character: There is no d in font jkpsyb!

Underfull \hbox (badness 10000) in paragraph at lines 5--6

 []


Underfull \hbox (badness 10000) in paragraph at lines 7--8

 []


Underfull \hbox (badness 10000) in paragraph at lines 9--10

 []


Underfull \hbox (badness 10000) in paragraph at lines 13--14

 []


Underfull \hbox (badness 10000) in paragraph at lines 15--16

 []


Underfull \hbox (badness 10000) in paragraph at lines 21--22

 []


Underfull \hbox (badness 10000) in paragraph at lines 23--24

 []


Underfull \hbox (badness 10000) in paragraph at lines 27--28
[]\T1/jkp/m/n/6.38754 (+20) The MOM esti-ma-tor uses the
 []


Underfull \hbox (badness 10000) in paragraph at lines 27--28

 []


Overfull \hbox (11.24715pt too wide) in paragraph at lines 29--30
[]$[]\OML/jkp/m/it/6.38754 M[] []$[] 
 []


Underfull \hbox (badness 10000) in paragraph at lines 29--30

 []


Underfull \hbox (badness 10000) in paragraph at lines 33--34

 []


Underfull \hbox (badness 10000) in paragraph at lines 33--34

 []


Underfull \hbox (badness 10000) in paragraph at lines 35--36

 []

) (./content/bayesian.tex
Underfull \hbox (badness 5771) in paragraph at lines 44--1
[]$[]\U/jkpmia/m/it/6.38754 ^^F[]$[] \T1/jkp/m/n/6.38754 (+20) is the co-va-rian-ce ma-trix of
 []


Underfull \hbox (badness 10000) in paragraph at lines 2--4
[]\T1/jkp/m/n/6.38754 (+20) Bayesian in-fe-rence con-cep-tual-ly
 []

) (./content/OLS.tex
Underfull \hbox (badness 10000) in paragraph at lines 5--6
[]\T1/jkp/m/n/6.38754 (+20) Let us con-si-der
 []


Underfull \hbox (badness 10000) in paragraph at lines 5--6
[]\OT1/jkp/m/n/6.38754 (+20) (\OML/jkp/m/it/6.38754 X[]; Y[]\OT1/jkp/m/n/6.38754 (+20) )\OML/jkp/m/it/6.38754 ; [] ; \OT1/jkp/m/n/6.38754 (+20) (\OML/jkp/m/it/6.38754 X[]; Y[]\OT1/jkp/m/n/6.38754 (+20) ) \OMS/jkp/m/n/6.38754 ^^X[] \U/jkpsyb/m/n/6.38754 P$[] \T1/jkp/m/n/6.38754 (+20) whe-
 []


Overfull \hbox (4.90111pt too wide) detected at line 28
[]
 []


Overfull \hbox (14.17795pt too wide) detected at line 48
[]
 []


Overfull \hbox (1.28305pt too wide) detected at line 96
[]
 []


Underfull \hbox (badness 6032) in paragraph at lines 106--107
[]\T1/jkp/b/n/6.38754 (+20) Least squa-res esti-ma-tor\T1/jkp/m/n/6.38754 (+20) : set-ting
 []


Overfull \hbox (0.51271pt too wide) detected at line 167
\OML/jkp/m/it/6.38754 H[] \OT1/jkp/m/n/6.38754 : \OMS/jkp/m/n/6.38754 8\OML/jkp/m/it/6.38754 j \OMS/jkp/m/n/6.38754 2 \OML/jkp/m/it/6.38754 S; ^^L[] \OT1/jkp/m/n/6.38754 = 0\OML/jkp/m/it/6.38754 ;  H[] \OT1/jkp/m/n/6.38754 : \OMS/jkp/m/n/6.38754 9\OML/jkp/m/it/6.38754 j \OMS/jkp/m/n/6.38754 2 \OML/jkp/m/it/6.38754 S; ^^L[] \U/jkpsyc/m/n/6.38754 , \OT1/jkp/m/n/6.38754 0
 []

) (./content/Generalized_Linear_Models.tex
Underfull \hbox (badness 10000) in paragraph at lines 3--4

 []


Underfull \hbox (badness 10000) in paragraph at lines 18--19
\T1/jkp/m/n/6.38754 (+20) is -$[]\OML/jkp/m/it/6.38754 k$[] \T1/jkp/m/n/6.38754 (+20) di-men-sio-nal, is cal-led a
 []


Underfull \hbox (badness 10000) in paragraph at lines 18--19

 []


Underfull \hbox (badness 10000) in paragraph at lines 20--21
[]$[]\OML/jkp/m/it/6.38754 f[]\OT1/jkp/m/n/6.38754 (+20) (\OT1/jkp/b/n/6.38754 (+20) y\OT1/jkp/m/n/6.38754 (+20) ) =
 []


Overfull \hbox (2.10756pt too wide) in paragraph at lines 20--21
\OML/jkp/m/it/6.38754 h\OT1/jkp/m/n/6.38754 (-20) (\OT1/jkp/b/n/6.38754 (-20) y\OT1/jkp/m/n/6.38754 (-20) )  [] []  [][] 
 []


Underfull \hbox (badness 10000) in paragraph at lines 20--21

 []


Underfull \hbox (badness 10000) in paragraph at lines 23--24

 []

) (./content/expectation_variance.tex
Underfull \hbox (badness 10000) in paragraph at lines 3--22

 []


Underfull \hbox (badness 10000) in paragraph at lines 25--26

 []


Underfull \hbox (badness 10000) in paragraph at lines 27--28

 []


Underfull \hbox (badness 10000) in paragraph at lines 29--30

 []


Underfull \hbox (badness 10000) in paragraph at lines 31--33
[]$[][]\OT1/jkp/m/n/6.38754 (+20) (\OML/jkp/m/it/6.38754 X\OT1/jkp/m/n/6.38754 (+20) ) = [][](\OML/jkp/m/it/6.38754 x \OMS/jkp/m/n/6.38754 ^^@ \U/jkpsyb/m/n/6.38754 E\OT1/jkp/m/n/6.38754 (+20) [\OML/jkp/m/it/6.38754 X\OT1/jkp/m/n/6.38754 (+20) ])[] \OML/jkp/m/it/6.38754 p\OT1/jkp/m/n/6.38754 (+20) (\OML/jkp/m/it/6.38754 x\OT1/jkp/m/n/6.38754 (+20) ) =
 []


Underfull \hbox (badness 10000) in paragraph at lines 37--38

 []


Underfull \hbox (badness 10000) in paragraph at lines 39--40

 []


Underfull \hbox (badness 10000) in paragraph at lines 41--42

 []


Underfull \hbox (badness 10000) in paragraph at lines 43--44

 []


Underfull \hbox (badness 10000) in paragraph at lines 45--46

 []


Underfull \hbox (badness 10000) in paragraph at lines 47--48

 []


Underfull \hbox (badness 10000) in paragraph at lines 49--50

 []


Underfull \hbox (badness 5431) in paragraph at lines 53--54
\T1/jkp/m/n/6.38754 (+20) two cor-re-la-ted ran-dom va-ria-bles
 []


Underfull \hbox (badness 10000) in paragraph at lines 53--54

 []


Underfull \hbox (badness 10000) in paragraph at lines 55--56

 []


Underfull \hbox (badness 10000) in paragraph at lines 57--58

 []


Underfull \hbox (badness 10000) in paragraph at lines 59--60

 []


Underfull \hbox (badness 10000) in paragraph at lines 61--62

 []


Underfull \hbox (badness 10000) in paragraph at lines 63--64

 []


Underfull \hbox (badness 10000) in paragraph at lines 65--66

 []


Underfull \hbox (badness 10000) in paragraph at lines 67--68

 []


Underfull \hbox (badness 10000) in paragraph at lines 69--70

 []


Underfull \hbox (badness 10000) in paragraph at lines 71--72

 []


Underfull \hbox (badness 10000) in paragraph at lines 73--74

 []


Underfull \hbox (badness 10000) in paragraph at lines 75--76

 []


Underfull \hbox (badness 10000) in paragraph at lines 77--78

 []


Underfull \hbox (badness 10000) in paragraph at lines 79--80
[]$[]\OML/jkp/m/it/6.38754 Cov\OT1/jkp/m/n/6.38754 (+20) (\OML/jkp/m/it/6.38754 aX \OT1/jkp/m/n/6.38754 (+20) + \OML/jkp/m/it/6.38754 bY; Z\OT1/jkp/m/n/6.38754 (+20) ) = \OML/jkp/m/it/6.38754 aCov\OT1/jkp/m/n/6.38754 (+20) (\OML/jkp/m/it/6.38754 X; Z\OT1/jkp/m/n/6.38754 (+20) ) +
 []


Underfull \hbox (badness 10000) in paragraph at lines 79--80

 []

) (./content/probability_distributions.tex
Underfull \hbox (badness 10000) in paragraph at lines 3--10

 []

[2]
Underfull \hbox (badness 10000) in paragraph at lines 11--12

 []


Underfull \hbox (badness 10000) in paragraph at lines 13--14

 []


Underfull \hbox (badness 10000) in paragraph at lines 15--16

 []


Underfull \hbox (badness 10000) in paragraph at lines 17--19

 []


Underfull \hbox (badness 10000) in paragraph at lines 20--21

 []


Underfull \hbox (badness 10000) in paragraph at lines 22--25

 []


Underfull \hbox (badness 10000) in paragraph at lines 26--27

 []


Underfull \hbox (badness 10000) in paragraph at lines 28--29

 []


Underfull \hbox (badness 10000) in paragraph at lines 30--31

 []


Underfull \hbox (badness 10000) in paragraph at lines 32--33

 []


Underfull \hbox (badness 10000) in paragraph at lines 34--35

 []


Underfull \hbox (badness 10000) in paragraph at lines 36--37

 []


Underfull \hbox (badness 10000) in paragraph at lines 38--40

 []


Underfull \hbox (badness 10000) in paragraph at lines 42--44
[]\T1/jkp/m/n/6.38754 (+20) Parameters $[]\OML/jkp/m/it/6.38754 p$[] \T1/jkp/m/n/6.38754 (+20) and $[]\OML/jkp/m/it/6.38754 n$[]\T1/jkp/m/n/6.38754 (+20) , dis-crete.
 []


Underfull \hbox (badness 10000) in paragraph at lines 42--44

 []


Package amsmath Warning: Foreign command \atopwithdelims;
(amsmath)                \frac or \genfrac should be used instead
(amsmath)                 on input line 45.


Underfull \hbox (badness 10000) in paragraph at lines 45--67
[]\OML/jkp/m/it/6.38754 F\OT1/jkp/m/n/6.38754 (+20) (\OML/jkp/m/it/6.38754 k\OT1/jkp/m/n/6.38754 (+20) ; \OML/jkp/m/it/6.38754 n; p\OT1/jkp/m/n/6.38754 (+20) ) = \OML/jkp/m/it/6.38754 P\OT1/jkp/m/n/6.38754 (+20) (\OML/jkp/m/it/6.38754 X \OMS/jkp/m/n/6.38754 ^^T \OML/jkp/m/it/6.38754 k\OT1/jkp/m/n/6.38754 (+20) ) =
 []


Underfull \hbox (badness 10000) in paragraph at lines 45--67
[]\OML/jkp/m/it/6.38754 `[]\OT1/jkp/m/n/6.38754 (+20) (\OML/jkp/m/it/6.38754 ^^R\OT1/jkp/m/n/6.38754 (+20) ) = \OML/jkp/m/it/6.38754 C \OT1/jkp/m/n/6.38754 (+20) + [] [] \OML/jkp/m/it/6.38754 ^^R \OT1/jkp/m/n/6.38754 (+20) +
 []


Underfull \hbox (badness 10000) in paragraph at lines 69--70

 []


Underfull \hbox (badness 10000) in paragraph at lines 71--77

 []


Underfull \hbox (badness 10000) in paragraph at lines 100--106

 []


Underfull \hbox (badness 10000) in paragraph at lines 108--115

 []


Underfull \hbox (badness 10000) in paragraph at lines 116--117

 []


Underfull \hbox (badness 10000) in paragraph at lines 118--124

 []


Underfull \hbox (badness 10000) in paragraph at lines 125--126

 []


Underfull \hbox (badness 10000) in paragraph at lines 133--135

 []


Underfull \hbox (badness 10000) in paragraph at lines 136--137

 []


Underfull \hbox (badness 10000) in paragraph at lines 138--139

 []


Underfull \hbox (badness 10000) in paragraph at lines 140--141

 []


Underfull \hbox (badness 10000) in paragraph at lines 142--143

 []


Underfull \hbox (badness 10000) in paragraph at lines 144--145

 []


Underfull \hbox (badness 10000) in paragraph at lines 146--147

 []


Underfull \hbox (badness 10000) in paragraph at lines 148--149

 []


Underfull \hbox (badness 10000) in paragraph at lines 158--159

 []


Underfull \hbox (badness 10000) in paragraph at lines 160--161

 []


Underfull \hbox (badness 10000) in paragraph at lines 162--163

 []


Underfull \hbox (badness 10000) in paragraph at lines 164--167

 []


Underfull \hbox (badness 10000) in paragraph at lines 169--171
[]\OML/jkp/m/it/6.38754 F\OT1/jkp/m/n/6.38754 (+20) (\OML/jkp/m/it/6.38754 k\OT1/jkp/m/n/6.38754 (+20) ; \OML/jkp/m/it/6.38754 r; p\OT1/jkp/m/n/6.38754 (+20) ) = \OML/jkp/m/it/6.38754 P\OT1/jkp/m/n/6.38754 (+20) (\OML/jkp/m/it/6.38754 X \OMS/jkp/m/n/6.38754 ^^T \OML/jkp/m/it/6.38754 k\OT1/jkp/m/n/6.38754 (+20) ) =
 []


Underfull \hbox (badness 10000) in paragraph at lines 169--171

 []


Underfull \hbox (badness 10000) in paragraph at lines 177--185

 []


Underfull \hbox (badness 10000) in paragraph at lines 186--193

 []


Underfull \hbox (badness 10000) in paragraph at lines 198--202

 []


Underfull \hbox (badness 10000) in paragraph at lines 203--206

 []


Underfull \hbox (badness 10000) in paragraph at lines 207--209

 []


Underfull \hbox (badness 10000) in paragraph at lines 210--212

 []


Underfull \hbox (badness 10000) in paragraph at lines 213--218

 []


Underfull \hbox (badness 10000) in paragraph at lines 223--224

 []


Underfull \hbox (badness 10000) in paragraph at lines 226--227

 []


Underfull \hbox (badness 10000) in paragraph at lines 228--229

 []


Underfull \hbox (badness 10000) in paragraph at lines 231--232

 []

LaTeX Font Info:    Trying to load font information for U+bbm on input line 233.
(/usr/local/texlive/2025/texmf-dist/tex/latex/bbm-macros/ubbm.fd
File: ubbm.fd 1999/03/15 V 1.2 Font definition for bbm font - TH
)

LaTeX Font Warning: Font shape `U/bbm/m/n' in size <3.83255> not available
(Font)              size <5> substituted on input line 233.


Underfull \hbox (badness 10000) in paragraph at lines 233--234
[]$[]\OML/jkp/m/it/6.38754 p[]\OT1/jkp/m/n/6.38754 (+20) (\OML/jkp/m/it/6.38754 x\OT1/jkp/m/n/6.38754 (+20) ) = [][] [][]$[]\T1/jkp/m/n/6.38754 (+20) , whe-re
 []


Underfull \hbox (badness 7273) in paragraph at lines 233--234
[]\OML/jkp/m/it/6.38754 T[] \OT1/jkp/m/n/6.38754 (+20) = \U/bbm/m/n/6 1\OT1/jkp/m/n/6.38754 (+20) (\OML/jkp/m/it/6.38754 X[] \OT1/jkp/m/n/6.38754 (+20) = \OML/jkp/m/it/6.38754 j\OT1/jkp/m/n/6.38754 (+20) )$[] \T1/jkp/m/n/6.38754 (+20) is the count
 []


Underfull \hbox (badness 10000) in paragraph at lines 233--234

 []


Underfull \hbox (badness 10000) in paragraph at lines 235--237

 []


Underfull \hbox (badness 10000) in paragraph at lines 241--248

 []


Underfull \hbox (badness 10000) in paragraph at lines 249--255

 []


Underfull \hbox (badness 10000) in paragraph at lines 256--257

 []


Underfull \hbox (badness 10000) in paragraph at lines 258--259

 []


Underfull \hbox (badness 10000) in paragraph at lines 260--261

 []


Underfull \hbox (badness 10000) in paragraph at lines 262--263
[]$[]\OML/jkp/m/it/6.38754 L\OT1/jkp/m/n/6.38754 (+20) (\OML/jkp/m/it/6.38754 X[] [] X[]\OT1/jkp/m/n/6.38754 (+20) ; \OML/jkp/m/it/6.38754 ^^U; ^^R\OT1/jkp/m/n/6.38754 (+20) ) =
 []


Overfull \hbox (4.09412pt too wide) in paragraph at lines 262--263
\OML/jkp/m/it/6.38754 ^^U[] [] [] \OT1/jkp/b/n/6.38754 (-20) 1[]\OML/jkp/m/it/6.38754 :$[] 
 []


Underfull \hbox (badness 10000) in paragraph at lines 264--265

 []


Underfull \hbox (badness 10000) in paragraph at lines 270--271

 []


Underfull \hbox (badness 10000) in paragraph at lines 275--279

 []


Underfull \hbox (badness 10000) in paragraph at lines 280--281

 []


Underfull \hbox (badness 10000) in paragraph at lines 284--285

 []


Underfull \hbox (badness 10000) in paragraph at lines 286--288

 []


Underfull \hbox (badness 10000) in paragraph at lines 289--290

 []


Underfull \hbox (badness 10000) in paragraph at lines 294--295

 []


Underfull \hbox (badness 10000) in paragraph at lines 299--300

 []


Underfull \hbox (badness 10000) in paragraph at lines 303--304

 []


Underfull \hbox (badness 10000) in paragraph at lines 305--306

 []


Underfull \hbox (badness 10000) in paragraph at lines 307--308

 []


Underfull \hbox (badness 10000) in paragraph at lines 309--310

 []


Underfull \hbox (badness 10000) in paragraph at lines 311--312

 []


Underfull \hbox (badness 10000) in paragraph at lines 313--314
[]\T1/jkp/m/n/6.38754 (+20) If $[]\OML/jkp/m/it/6.38754 Y \OT1/jkp/m/n/6.38754 (+20) = \OML/jkp/m/it/6.38754 X \OT1/jkp/m/n/6.38754 (+20) + \OML/jkp/m/it/6.38754 Z$[]\T1/jkp/m/n/6.38754 (+20) , then
 []


Underfull \hbox (badness 10000) in paragraph at lines 313--314

 []


Underfull \hbox (badness 10000) in paragraph at lines 315--316
[]\T1/jkp/m/n/6.38754 (+20) If $[]\OML/jkp/m/it/6.38754 U \OT1/jkp/m/n/6.38754 (+20) = \OML/jkp/m/it/6.38754 X \OMS/jkp/m/n/6.38754 ^^@ \OML/jkp/m/it/6.38754 Y$[]\T1/jkp/m/n/6.38754 (+20) , then
 []


Underfull \hbox (badness 10000) in paragraph at lines 315--316

 []


Underfull \hbox (badness 10000) in paragraph at lines 317--318

 []


Underfull \hbox (badness 10000) in paragraph at lines 319--320

 []


Underfull \hbox (badness 10000) in paragraph at lines 321--322

 []


Underfull \hbox (badness 10000) in paragraph at lines 323--324

 []


Underfull \hbox (badness 10000) in paragraph at lines 325--326

 []


Underfull \hbox (badness 10000) in paragraph at lines 329--330

 []


Underfull \hbox (badness 10000) in paragraph at lines 331--334

 []


Underfull \hbox (badness 10000) in paragraph at lines 335--336

 []


Underfull \hbox (badness 10000) in paragraph at lines 341--356

 []


Underfull \hbox (badness 10000) in paragraph at lines 358--362
[][] \OT1/jkp/m/n/6.38754 (+20) = [][\OML/jkp/m/it/6.38754 a; b\OT1/jkp/m/n/6.38754 (+20) ]\OML/jkp/m/it/6.38754 ; $[]
 []


Underfull \hbox (badness 10000) in paragraph at lines 364--366

 []


Underfull \hbox (badness 10000) in paragraph at lines 367--374
[]\OML/jkp/m/it/6.38754 `\OT1/jkp/m/n/6.38754 (+20) (\OML/jkp/m/it/6.38754 a; b\OT1/jkp/m/n/6.38754 (+20) ) =
 []


Overfull \hbox (9.01518pt too wide) in paragraph at lines 367--374
[]$[] 
 []


Underfull \hbox (badness 10000) in paragraph at lines 367--374

 []


Underfull \hbox (badness 10000) in paragraph at lines 375--378

 []


Overfull \hbox (4.84189pt too wide) in paragraph at lines 379--381
[] 
 []


Underfull \hbox (badness 10000) in paragraph at lines 379--381

 []


Underfull \hbox (badness 10000) in paragraph at lines 383--397

 []


Underfull \hbox (badness 10000) in paragraph at lines 398--414
[]\OML/jkp/m/it/6.38754 L\OT1/jkp/m/n/6.38754 (+20) (\OML/jkp/m/it/6.38754 X[]; [] ; X[]\OT1/jkp/m/n/6.38754 (+20) ; \OML/jkp/m/it/6.38754 ; ^^U\OT1/jkp/m/n/6.38754 (+20) ) =
 []


Underfull \hbox (badness 10000) in paragraph at lines 398--414
[]\OML/jkp/m/it/6.38754 f[]\OT1/jkp/m/n/6.38754 (+20) (\OML/jkp/m/it/6.38754 y\OT1/jkp/m/n/6.38754 (+20) ) =
 []


Underfull \hbox (badness 10000) in paragraph at lines 398--414
[] [] [] \OMS/jkp/m/n/6.38754 ^^@ [] \OT1/jkp/m/n/6.38754 (+20) +(\OML/jkp/m/it/6.38754  \OMS/jkp/m/n/6.38754 ^^@
 []


Underfull \hbox (badness 10000) in paragraph at lines 398--414

 []


Underfull \hbox (badness 10000) in paragraph at lines 416--451
[][] \OT1/jkp/m/n/6.38754 (+20) = [][]\OML/jkp/m/it/6.38754 ; ^^L > \OT1/jkp/m/n/6.38754 (+20) 1\OML/jkp/m/it/6.38754 ; $[]
 []


Underfull \hbox (badness 10000) in paragraph at lines 416--451
[]\OML/jkp/m/it/6.38754 L\OT1/jkp/m/n/6.38754 (+20) (\OML/jkp/m/it/6.38754 X[]; [] ; X[]\OT1/jkp/m/n/6.38754 (+20) ; \OML/jkp/m/it/6.38754 ; ^^L\OT1/jkp/m/n/6.38754 (+20) ) =
 []


Underfull \hbox (badness 10000) in paragraph at lines 416--451
[]\OML/jkp/m/it/6.38754 `[]\OT1/jkp/m/n/6.38754 (+20) (\OML/jkp/m/it/6.38754 ; ^^L\OT1/jkp/m/n/6.38754 (+20) ) = \OMS/jkp/m/n/6.38754 ^^@\OML/jkp/m/it/6.38754 n []\OT1/jkp/m/n/6.38754 (+20) (\OML/jkp/m/it/6.38754 B\OT1/jkp/m/n/6.38754 (+20) (\OML/jkp/m/it/6.38754 ; ^^L\OT1/jkp/m/n/6.38754 (+20) )) + (\OML/jkp/m/it/6.38754  \OMS/jkp/m/n/6.38754 ^^@
 []


Underfull \hbox (badness 10000) in paragraph at lines 416--451

 []


Underfull \hbox (badness 10000) in paragraph at lines 456--457

 []


Underfull \hbox (badness 10000) in paragraph at lines 458--460

 []


Underfull \hbox (badness 10000) in paragraph at lines 466--467

 []


Underfull \hbox (badness 10000) in paragraph at lines 468--469

 []

) (./content/notes.tex

LaTeX Warning: Command \textellipsis invalid in math mode on input line 4.


Overfull \hbox (7.49252pt too wide) detected at line 12
[]
 []


LaTeX Warning: Command \textellipsis invalid in math mode on input line 34.

) (./content/Multivariate_RV.tex
Underfull \hbox (badness 10000) in paragraph at lines 4--5

 []


Underfull \hbox (badness 10000) in paragraph at lines 6--7

 []


Underfull \hbox (badness 10000) in paragraph at lines 8--9

 []


Underfull \hbox (badness 10000) in paragraph at lines 10--11

 []


Underfull \hbox (badness 10000) in paragraph at lines 12--13

 []


Underfull \hbox (badness 10000) in paragraph at lines 14--15

 []


Underfull \hbox (badness 10000) in paragraph at lines 16--17

 []


Underfull \hbox (badness 10000) in paragraph at lines 18--19

 []


Underfull \hbox (badness 10000) in paragraph at lines 24--25

 []


Underfull \hbox (badness 10000) in paragraph at lines 26--27

 []


Underfull \hbox (badness 10000) in paragraph at lines 28--29

 []


Underfull \hbox (badness 10000) in paragraph at lines 30--36
[]$[]\U/jkpsyb/m/n/6.38754 E\OT1/jkp/m/n/6.38754 (+20) [\OML/jkp/m/it/6.38754 X\OT1/jkp/m/n/6.38754 (+20) ] =
 []


Underfull \hbox (badness 10000) in paragraph at lines 30--36

 []


Underfull \hbox (badness 10000) in paragraph at lines 37--38

 []


Underfull \hbox (badness 10000) in paragraph at lines 39--41

 []


Underfull \hbox (badness 10000) in paragraph at lines 46--47

 []


Underfull \hbox (badness 10000) in paragraph at lines 48--49

 []


Overfull \hbox (13.07385pt too wide) in paragraph at lines 50--58
[]$[]\U/jkpsyb/m/n/6.38754 E []$[] 
 []


Underfull \hbox (badness 10000) in paragraph at lines 50--58

 []


Underfull \hbox (badness 10000) in paragraph at lines 59--66
[]$[]\U/jkpmia/m/it/6.38754 ^^F \OT1/jkp/m/n/6.38754 (+20) = \OML/jkp/m/it/6.38754 Cov\OT1/jkp/m/n/6.38754 (+20) (\OML/jkp/m/it/6.38754 X\OT1/jkp/m/n/6.38754 (+20) ) =
 []


Underfull \hbox (badness 10000) in paragraph at lines 59--66

 []


Underfull \hbox (badness 10000) in paragraph at lines 67--68

 []

[3]
Underfull \hbox (badness 10000) in paragraph at lines 69--70

 []


Underfull \hbox (badness 10000) in paragraph at lines 71--72

 []


Underfull \hbox (badness 10000) in paragraph at lines 73--74

 []


Underfull \hbox (badness 10000) in paragraph at lines 75--76
[]$[]\OML/jkp/m/it/6.38754 Cov\OT1/jkp/m/n/6.38754 (+20) (\OML/jkp/m/it/6.38754 AX \OT1/jkp/m/n/6.38754 (+20) + \OML/jkp/m/it/6.38754 B\OT1/jkp/m/n/6.38754 (+20) ) = \OML/jkp/m/it/6.38754 Cov\OT1/jkp/m/n/6.38754 (+20) (\OML/jkp/m/it/6.38754 AX\OT1/jkp/m/n/6.38754 (+20) ) =
 []


Underfull \hbox (badness 10000) in paragraph at lines 77--78

 []


Underfull \hbox (badness 10000) in paragraph at lines 79--80

 []


Underfull \hbox (badness 10000) in paragraph at lines 88--89
[]\T1/jkp/m/n/6.38754 (+20) The dis-tri-bu-ti-on of, $[]\OML/jkp/m/it/6.38754 X$[] \T1/jkp/m/n/6.38754 (+20) the
 []


Underfull \hbox (badness 10000) in paragraph at lines 88--89
[]\OML/jkp/m/it/6.38754 d$[]\T1/jkp/m/n/6.38754 (+20) -dimensional Gaus-si-an or nor-
 []


Underfull \hbox (badness 10000) in paragraph at lines 88--89
\T1/jkp/m/n/6.38754 (+20) mal dis-tri-bu-ti-on, is com-ple-te-ly
 []


Underfull \hbox (badness 10000) in paragraph at lines 88--89
\T1/jkp/m/n/6.38754 (+20) spe-ci-fied by the vec-tor mean
 []


Underfull \hbox (badness 10000) in paragraph at lines 88--89

 []


Underfull \hbox (badness 10000) in paragraph at lines 90--91

 []


Underfull \hbox (badness 10000) in paragraph at lines 97--98

 []


Underfull \hbox (badness 7030) in paragraph at lines 99--100
[]\OML/jkp/m/it/6.38754 X \U/jkpsyb/m/n/6.38754 s \OML/jkp/m/it/6.38754 N[]\OT1/jkp/m/n/6.38754 (+20) (\OML/jkp/m/it/6.38754 ^^V; \U/jkpmia/m/it/6.38754 ^^F\OT1/jkp/m/n/6.38754 (+20) )$[] \T1/jkp/m/n/6.38754 (+20) with con-for-ma-ble
 []


Underfull \hbox (badness 10000) in paragraph at lines 99--100

 []


Underfull \hbox (badness 10000) in paragraph at lines 105--107

 []


Underfull \hbox (badness 10000) in paragraph at lines 108--109

 []


Underfull \hbox (badness 10000) in paragraph at lines 110--111

 []


Underfull \hbox (badness 10000) in paragraph at lines 112--113

 []

) (./content/Algebra.tex
Underfull \hbox (badness 10000) in paragraph at lines 2--5

 []


Underfull \hbox (badness 10000) in paragraph at lines 17--19

 []


Underfull \hbox (badness 10000) in paragraph at lines 20--22

 []


Underfull \hbox (badness 10000) in paragraph at lines 23--25

 []


Underfull \hbox (badness 10000) in paragraph at lines 26--28

 []


Underfull \hbox (badness 10000) in paragraph at lines 32--35

 []


Underfull \hbox (badness 10000) in paragraph at lines 36--37

 []


Underfull \hbox (badness 10000) in paragraph at lines 38--44

 []


Underfull \hbox (badness 10000) in paragraph at lines 45--46

 []


Underfull \hbox (badness 10000) in paragraph at lines 47--49

 []


Underfull \hbox (badness 10000) in paragraph at lines 50--52

 []


Underfull \hbox (badness 10000) in paragraph at lines 53--54

 []


Underfull \hbox (badness 10000) in paragraph at lines 55--56

 []


Underfull \hbox (badness 10000) in paragraph at lines 57--58
\T1/jkp/m/n/6.38754 (+20) im-plies po-si-ti-ve (or ne-ga-ti-ve)
 []


Underfull \hbox (badness 10000) in paragraph at lines 57--58

 []


Underfull \hbox (badness 10000) in paragraph at lines 59--60

 []


Underfull \hbox (badness 10000) in paragraph at lines 61--62

 []

) (./content/Covariance_Matrix.tex
Underfull \hbox (badness 10000) in paragraph at lines 4--5

 []

) (./content/probability_extras.tex
Underfull \hbox (badness 10000) in paragraph at lines 4--7

 []


Underfull \hbox (badness 10000) in paragraph at lines 8--11

 []


Underfull \hbox (badness 10000) in paragraph at lines 12--15

 []


Underfull \hbox (badness 10000) in paragraph at lines 16--19

 []


Underfull \hbox (badness 10000) in paragraph at lines 20--23

 []


Underfull \hbox (badness 10000) in paragraph at lines 28--31

 []


Underfull \hbox (badness 7944) in paragraph at lines 33--39
\T1/jkp/m/n/6.38754 (+20) Marginals: $[]\OML/jkp/m/it/6.38754 p[]\OT1/jkp/m/n/6.38754 (+20) (\OML/jkp/m/it/6.38754 x\OT1/jkp/m/n/6.38754 (+20) ) = [][] \OML/jkp/m/it/6.38754 p[]\OT1/jkp/m/n/6.38754 (+20) (\OML/jkp/m/it/6.38754 x; y\OT1/jkp/m/n/6.38754 (+20) )$[]\T1/jkp/m/n/6.38754 (+20) ,
 []


Underfull \hbox (badness 5667) in paragraph at lines 33--39
\T1/jkp/m/n/6.38754 (+20) Conditional: $[]\OML/jkp/m/it/6.38754 p[]\OT1/jkp/m/n/6.38754 (+20) (\OML/jkp/m/it/6.38754 y\OMS/jkp/m/n/6.38754 j\OML/jkp/m/it/6.38754 x\OT1/jkp/m/n/6.38754 (+20) ) = []$[]\T1/jkp/m/n/6.38754 (+20) ,
 []


Underfull \hbox (badness 10000) in paragraph at lines 33--39
\T1/jkp/m/n/6.38754 (+20) If $[]\OML/jkp/m/it/6.38754 X$[] \T1/jkp/m/n/6.38754 (+20) and $[]\OML/jkp/m/it/6.38754 Y$[] \T1/jkp/m/n/6.38754 (+20) are in-de-pen-dent:
 []


Underfull \hbox (badness 10000) in paragraph at lines 33--39

 []


Underfull \hbox (badness 10000) in paragraph at lines 40--46
\T1/jkp/m/n/6.38754 (+20) Joint pdf: $[]\OML/jkp/m/it/6.38754 f[]\OT1/jkp/m/n/6.38754 (+20) (\OML/jkp/m/it/6.38754 x; y\OT1/jkp/m/n/6.38754 (+20) )$[] \T1/jkp/m/n/6.38754 (+20) such that
 []


Underfull \hbox (badness 10000) in paragraph at lines 40--46
\T1/jkp/m/n/6.38754 (+20) Conditional: $[]\OML/jkp/m/it/6.38754 f[]\OT1/jkp/m/n/6.38754 (+20) (\OML/jkp/m/it/6.38754 y\OMS/jkp/m/n/6.38754 j\OML/jkp/m/it/6.38754 x\OT1/jkp/m/n/6.38754 (+20) ) = []$[]\T1/jkp/m/n/6.38754 (+20) ,
 []


Underfull \hbox (badness 10000) in paragraph at lines 40--46
\T1/jkp/m/n/6.38754 (+20) If $[]\OML/jkp/m/it/6.38754 X$[] \T1/jkp/m/n/6.38754 (+20) and $[]\OML/jkp/m/it/6.38754 Y$[] \T1/jkp/m/n/6.38754 (+20) are in-de-pen-dent:
 []


Underfull \hbox (badness 10000) in paragraph at lines 40--46

 []


Underfull \hbox (badness 10000) in paragraph at lines 47--52
[]\T1/jkp/b/n/6.38754 (+20) Mixed ca-se (one dis-crete, one
 []


Underfull \hbox (badness 10000) in paragraph at lines 47--52
\T1/jkp/m/n/6.38754 (+20) Marginals: $[]\OML/jkp/m/it/6.38754 f[]\OT1/jkp/m/n/6.38754 (+20) (\OML/jkp/m/it/6.38754 y\OT1/jkp/m/n/6.38754 (+20) ) = [][] \OML/jkp/m/it/6.38754 f[]\OT1/jkp/m/n/6.38754 (+20) (\OML/jkp/m/it/6.38754 x; y\OT1/jkp/m/n/6.38754 (+20) )$[]\T1/jkp/m/n/6.38754 (+20) ,
 []


Underfull \hbox (badness 10000) in paragraph at lines 47--52

 []


Underfull \hbox (badness 10000) in paragraph at lines 55--56

 []


Underfull \hbox (badness 10000) in paragraph at lines 57--58

 []


Underfull \hbox (badness 10000) in paragraph at lines 59--64

 []


Underfull \hbox (badness 10000) in paragraph at lines 67--69

 []


Underfull \hbox (badness 10000) in paragraph at lines 70--75
[]\OML/jkp/m/it/6.38754 P[]\OT1/jkp/m/n/6.38754 (+20) (\OML/jkp/m/it/6.38754 x\OT1/jkp/m/n/6.38754 (+20) ) = [][] \OML/jkp/m/it/6.38754 P[]\OT1/jkp/m/n/6.38754 (+20) (\OML/jkp/m/it/6.38754 x; y\OT1/jkp/m/n/6.38754 (+20) ) =
 []


Underfull \hbox (badness 10000) in paragraph at lines 70--75

 []


Underfull \hbox (badness 10000) in paragraph at lines 76--82

 []


Underfull \hbox (badness 10000) in paragraph at lines 85--88

 []


Underfull \hbox (badness 10000) in paragraph at lines 89--92

 []


Underfull \hbox (badness 10000) in paragraph at lines 94--100

 []


Underfull \hbox (badness 10000) in paragraph at lines 103--105
\T1/jkp/m/n/6.38754 (+20) The va-ria-ble ta-kes all in-te-ger
 []


Underfull \hbox (badness 10000) in paragraph at lines 103--105

 []


Underfull \hbox (badness 10000) in paragraph at lines 106--107
[]$[]\OML/jkp/m/it/6.38754 n \OT1/jkp/m/n/6.38754 (+20) = \OML/jkp/m/it/6.38754 b \OMS/jkp/m/n/6.38754 ^^@ \OML/jkp/m/it/6.38754 a \OT1/jkp/m/n/6.38754 (+20) +
 []


Underfull \hbox (badness 10000) in paragraph at lines 129--130
 \T1/jkp/b/n/7 (+20) Ex-pec-ta-ti-on and Va-rian-ce:[]
 []


Underfull \hbox (badness 10000) in paragraph at lines 129--130

 []


Underfull \hbox (badness 10000) in paragraph at lines 131--132

 []


Underfull \hbox (badness 10000) in paragraph at lines 140--142
 \T1/jkp/b/n/7 (+20) Pro-ba-bi-li-ty of an in-ter-val:[]
 []


Underfull \hbox (badness 10000) in paragraph at lines 140--142

 []


Underfull \hbox (badness 10000) in paragraph at lines 153--157
 \T1/jkp/b/n/7 (+20) Dis-tri-bu-ti-on of the Ma-
 []


Underfull \hbox (badness 10000) in paragraph at lines 153--157
\T1/jkp/b/n/7 (+20) xi-mum of $[]\OML/jkp/m/it/6.8 k$[] \T1/jkp/b/n/7 (+20) i.i.d. samp-
 []


Underfull \hbox (badness 10000) in paragraph at lines 153--157
\T1/jkp/b/n/7 (+20) les:[] \T1/jkp/m/n/6.38754 (+20) If $[]\OML/jkp/m/it/6.38754 M \OT1/jkp/m/n/6.38754 (+20) = [](\OML/jkp/m/it/6.38754 X[]; [] ; X[]\OT1/jkp/m/n/6.38754 (+20) )$[]
 []


Underfull \hbox (badness 10000) in paragraph at lines 153--157
\T1/jkp/m/n/6.38754 (+20) with $[]\OML/jkp/m/it/6.38754 X[] \OMS/jkp/m/n/6.38754 ^^X []f\OT1/jkp/m/n/6.38754 (+20) 1\OML/jkp/m/it/6.38754 ; [] ; n\OMS/jkp/m/n/6.38754 g$[]\T1/jkp/m/n/6.38754 (+20) :
 []


Underfull \hbox (badness 10000) in paragraph at lines 160--162

 []


Underfull \hbox (badness 10000) in paragraph at lines 163--165

 []


Underfull \hbox (badness 10000) in paragraph at lines 166--168
\T1/jkp/b/n/6.38754 (+20) Exponential: \T1/jkp/m/n/6.38754 (+20) con-ti-nuous wai-ting
 []


Underfull \hbox (badness 10000) in paragraph at lines 166--168

 []


Underfull \hbox (badness 10000) in paragraph at lines 169--171

 []

LaTeX Font Info:    Trying to load font information for TS1+jkp on input line 175.
(/usr/local/texlive/2025/texmf-dist/tex/latex/kpfonts/ts1jkp.fd
File: ts1jkp.fd 2007/08/30 Fontinst v1.928 font definitions for TS1/jkp.
)
Package microtype Info: Loading generic protrusion settings for font family
(microtype)             `jkp' (encoding: TS1).
(microtype)             For optimal results, create family-specific settings.
(microtype)             See the microtype manual for details.

Underfull \hbox (badness 10000) in paragraph at lines 175--179

 []


Underfull \hbox (badness 10000) in paragraph at lines 180--183

 []


Underfull \hbox (badness 10000) in paragraph at lines 202--211
\T1/jkp/m/n/6.38754 (+20) Then: $[][]$[]
 []


Underfull \hbox (badness 10000) in paragraph at lines 202--211
[][]$[]
 []


Underfull \hbox (badness 10000) in paragraph at lines 202--211

 []


Underfull \hbox (badness 10000) in paragraph at lines 218--219

 []


Underfull \hbox (badness 7064) in paragraph at lines 221--229
[][] \OT1/jkp/m/n/6.38754 (+20) = []$[] \T1/jkp/m/it/6.38754 (+20) (mode of the Be-ta
 []


Underfull \hbox (badness 7081) in paragraph at lines 221--229
\T1/jkp/b/n/6.38754 (+20) Notation: \T1/jkp/m/n/6.38754 (+20) In this con-text, $[]\OML/jkp/m/it/6.38754 n$[] \T1/jkp/m/n/6.38754 (+20) is
 []


Underfull \hbox (badness 10000) in paragraph at lines 221--229

 []


Underfull \hbox (badness 5147) in paragraph at lines 230--238
\T1/jkp/m/n/6.38754 (+20) For a uni-form pri-or $[]\OML/jkp/m/it/6.38754 ^^Y\OT1/jkp/m/n/6.38754 (+20) (\OML/jkp/m/it/6.38754 ^^R\OT1/jkp/m/n/6.38754 (+20) ) \OMS/jkp/m/n/6.38754 / \OT1/jkp/m/n/6.38754 (+20) 1$[]\T1/jkp/m/n/6.38754 (+20) :
 []


Underfull \hbox (badness 10000) in paragraph at lines 230--238

 []


Underfull \hbox (badness 5231) in paragraph at lines 239--247
\T1/jkp/m/n/6.38754 (+20) For a uni-form pri-or $[]\OML/jkp/m/it/6.38754 ^^Y\OT1/jkp/m/n/6.38754 (+20) (\OML/jkp/m/it/6.38754 ^^U\OT1/jkp/m/n/6.38754 (+20) ) \OMS/jkp/m/n/6.38754 / \OT1/jkp/m/n/6.38754 (+20) 1$[]\T1/jkp/m/n/6.38754 (+20) :
 []


Underfull \hbox (badness 10000) in paragraph at lines 239--247

 []


Underfull \hbox (badness 10000) in paragraph at lines 248--256
[]\T1/jkp/m/n/6.38754 (+20) Normal Dis-tri-bu-ti-on (va-rian-ce
 []


Underfull \hbox (badness 5446) in paragraph at lines 248--256
\T1/jkp/m/n/6.38754 (+20) For a uni-form pri-or $[]\OML/jkp/m/it/6.38754 ^^Y\OT1/jkp/m/n/6.38754 (+20) (\OML/jkp/m/it/6.38754 ^^V\OT1/jkp/m/n/6.38754 (+20) ) \OMS/jkp/m/n/6.38754 / \OT1/jkp/m/n/6.38754 (+20) 1$[]\T1/jkp/m/n/6.38754 (+20) :
 []


Underfull \hbox (badness 10000) in paragraph at lines 248--256

 []


Underfull \hbox (badness 5189) in paragraph at lines 258--267
[]\OML/jkp/m/it/6.38754 X[] \OMS/jkp/m/n/6.38754 ^^X []\OT1/jkp/m/n/6.38754 (+20) (\OML/jkp/m/it/6.38754 ^^U\OT1/jkp/m/n/6.38754 (+20) )$[]\T1/jkp/m/n/6.38754 (+20) ,  Jeffreys pri-or
 []


Underfull \hbox (badness 10000) in paragraph at lines 258--267

 []


Underfull \hbox (badness 10000) in paragraph at lines 268--277
[]\OML/jkp/m/it/6.38754 X[] \OMS/jkp/m/n/6.38754 ^^X []\OT1/jkp/m/n/6.38754 (+20) (\OML/jkp/m/it/6.38754 n; p\OT1/jkp/m/n/6.38754 (+20) )$[]\T1/jkp/m/n/6.38754 (+20) ,  Jeffreys
 []


Underfull \hbox (badness 10000) in paragraph at lines 268--277
\T1/jkp/m/n/6.38754 (+20) The Jeffreys pri-or smooths the
 []


Underfull \hbox (badness 10000) in paragraph at lines 268--277
\T1/jkp/m/n/6.38754 (+20) pos-te-ri-or and avo-ids boun-da-ry
 []


Underfull \hbox (badness 10000) in paragraph at lines 268--277

 []


Underfull \hbox (badness 5189) in paragraph at lines 278--287
[]\T1/jkp/m/n/6.38754 (+20) Exponential Dis-tri-bu-ti-on (Jeffreys
 []


Underfull \hbox (badness 10000) in paragraph at lines 278--287

 []


Underfull \hbox (badness 10000) in paragraph at lines 288--293
\T1/jkp/m/it/6.38754 (+20) Law of to-tal va-rian-ce:
 []


Underfull \hbox (badness 10000) in paragraph at lines 288--293

 []


Underfull \hbox (badness 10000) in paragraph at lines 294--301
\T1/jkp/m/n/6.38754 (+20) Bernoulli dis-tri-bu-ti-on:
 []


Underfull \hbox (badness 10000) in paragraph at lines 294--301

 []

) [4] (./cheatsheet.aux)
 ***********
LaTeX2e <2024-11-01> patch level 2
L3 programming layer <2025-01-18>
 ***********


LaTeX Font Warning: Size substitutions with differences
(Font)              up to 1.16745pt have occurred.

 ) 
Here is how much of TeX's memory you used:
 26907 strings out of 473190
 543767 string characters out of 5715799
 1164790 words of memory out of 5000000
 49049 multiletter control sequences out of 15000+600000
 728467 words of font info for 495 fonts, out of 8000000 for 9000
 1141 hyphenation exceptions out of 8191
 110i,20n,107p,1059b,440s stack positions out of 10000i,1000n,20000p,200000b,200000s
 </Users/chperezpelaez/Library/texlive/2025/texmf-var/fonts/pk/ljfour/public/bbm/bbm6.600pk></usr/local/texlive/2025/texmf-dist/fonts/type1/adobe/sourcesanspro/SourceSansPro-Bold.pfb></usr/local/texlive/2025/texmf-dist/fonts/type1/adobe/sourcesanspro/SourceSansPro-Regular.pfb></usr/local/texlive/2025/texmf-dist/fonts/type1/public/kpfonts/jkpbmi.pfb></usr/local/texlive/2025/texmf-dist/fonts/type1/public/kpfonts/jkpbn8a.pfb></usr/local/texlive/2025/texmf-dist/fonts/type1/public/kpfonts/jkpbne.pfb></usr/local/texlive/2025/texmf-dist/fonts/type1/public/kpfonts/jkpex.pfb></usr/local/texlive/2025/texmf-dist/fonts/type1/public/kpfonts/jkpexa.pfb></usr/local/texlive/2025/texmf-dist/fonts/type1/public/kpfonts/jkpmi.pfb></usr/local/texlive/2025/texmf-dist/fonts/type1/public/kpfonts/jkpmia.pfb></usr/local/texlive/2025/texmf-dist/fonts/type1/public/kpfonts/jkpmit8a.pfb></usr/local/texlive/2025/texmf-dist/fonts/type1/public/kpfonts/jkpmn8a.pfb></usr/local/texlive/2025/texmf-dist/fonts/type1/public/kpfonts/jkpmne.pfb></usr/local/texlive/2025/texmf-dist/fonts/type1/public/kpfonts/jkpsy.pfb></usr/local/texlive/2025/texmf-dist/fonts/type1/public/kpfonts/jkpsya.pfb></usr/local/texlive/2025/texmf-dist/fonts/type1/public/kpfonts/jkpsyb.pfb></usr/local/texlive/2025/texmf-dist/fonts/type1/public/kpfonts/jkpsyc.pfb>
Output written on cheatsheet.pdf (4 pages, 348103 bytes).
PDF statistics:
 108 PDF objects out of 1000 (max. 8388607)
 68 compressed objects within 1 object stream
 0 named destinations out of 1000 (max. 500000)
 88077 words of extra memory for PDF output out of 89155 (max. 10000000)

